img_link,image_page_number,booklet_name,booklet_link,img_name,img_name.1,img_name
https://www.alsoouq.com//uploads/2022/07/5484706956.jpg,1.0,عروض العثيم اليوم 28 يوليو 2022 الموافق 29 ذو الحجة 1443 عروض بالجملة الاوفر & عروض الويكند,https://www.alsoouq.com/saudi-arabia-offers/offers-othaim/%d8%b9%d8%b1%d9%88%d8%b6-%d8%a7%d9%84%d8%b9%d8%ab%d9%8a%d9%85-%d8%a7%d9%84%d9%8a%d9%88%d9%85-28-%d9%8a%d9%88%d9%84%d9%8a%d9%88-2022-%d8%a7%d9%84%d9%85%d9%88%d8%a7%d9%81%d9%82-29-%d8%b0%d9%88-%d8%a7.html,5484706956.jpg,5484706956.jpg,5484706956.jpg
https://www.alsoouq.com//uploads/2022/07/9820116987.jpg,1.0,عروض العثيم اليوم 28 يوليو 2022 الموافق 29 ذو الحجة 1443 عروض بالجملة الاوفر & عروض الويكند,https://www.alsoouq.com/saudi-arabia-offers/offers-othaim/%d8%b9%d8%b1%d9%88%d8%b6-%d8%a7%d9%84%d8%b9%d8%ab%d9%8a%d9%85-%d8%a7%d9%84%d9%8a%d9%88%d9%85-28-%d9%8a%d9%88%d9%84%d9%8a%d9%88-2022-%d8%a7%d9%84%d9%85%d9%88%d8%a7%d9%81%d9%82-29-%d8%b0%d9%88-%d8%a7.html,9820116987.jpg,9820116987.jpg,9820116987.jpg
https://www.alsoouq.com//uploads/2022/07/4675580916.jpg,1.0,عروض العثيم اليوم 28 يوليو 2022 الموافق 29 ذو الحجة 1443 عروض بالجملة الاوفر & عروض الويكند,https://www.alsoouq.com/saudi-arabia-offers/offers-othaim/%d8%b9%d8%b1%d9%88%d8%b6-%d8%a7%d9%84%d8%b9%d8%ab%d9%8a%d9%85-%d8%a7%d9%84%d9%8a%d9%88%d9%85-28-%d9%8a%d9%88%d9%84%d9%8a%d9%88-2022-%d8%a7%d9%84%d9%85%d9%88%d8%a7%d9%81%d9%82-29-%d8%b0%d9%88-%d8%a7.html,4675580916.jpg,4675580916.jpg,4675580916.jpg
https://www.alsoouq.com//uploads/2022/07/90469279.jpg,1.0,عروض العثيم اليوم 28 يوليو 2022 الموافق 29 ذو الحجة 1443 عروض بالجملة الاوفر & عروض الويكند,https://www.alsoouq.com/saudi-arabia-offers/offers-othaim/%d8%b9%d8%b1%d9%88%d8%b6-%d8%a7%d9%84%d8%b9%d8%ab%d9%8a%d9%85-%d8%a7%d9%84%d9%8a%d9%88%d9%85-28-%d9%8a%d9%88%d9%84%d9%8a%d9%88-2022-%d8%a7%d9%84%d9%85%d9%88%d8%a7%d9%81%d9%82-29-%d8%b0%d9%88-%d8%a7.html,90469279.jpg,90469279.jpg,90469279.jpg
https://www.alsoouq.com//uploads/2022/07/7077529347.jpg,1.0,عروض العثيم اليوم 28 يوليو 2022 الموافق 29 ذو الحجة 1443 عروض بالجملة الاوفر & عروض الويكند,https://www.alsoouq.com/saudi-arabia-offers/offers-othaim/%d8%b9%d8%b1%d9%88%d8%b6-%d8%a7%d9%84%d8%b9%d8%ab%d9%8a%d9%85-%d8%a7%d9%84%d9%8a%d9%88%d9%85-28-%d9%8a%d9%88%d9%84%d9%8a%d9%88-2022-%d8%a7%d9%84%d9%85%d9%88%d8%a7%d9%81%d9%82-29-%d8%b0%d9%88-%d8%a7.html,7077529347.jpg,7077529347.jpg,7077529347.jpg
https://www.alsoouq.com//uploads/2022/07/5387084652.JPEG,1.0,عروض العثيم اليوم 28 يوليو 2022 الموافق 29 ذو الحجة 1443 عروض بالجملة الاوفر & عروض الويكند,https://www.alsoouq.com/saudi-arabia-offers/offers-othaim/%d8%b9%d8%b1%d9%88%d8%b6-%d8%a7%d9%84%d8%b9%d8%ab%d9%8a%d9%85-%d8%a7%d9%84%d9%8a%d9%88%d9%85-28-%d9%8a%d9%88%d9%84%d9%8a%d9%88-2022-%d8%a7%d9%84%d9%85%d9%88%d8%a7%d9%81%d9%82-29-%d8%b0%d9%88-%d8%a7.html,5387084652.JPEG,5387084652.JPEG,5387084652.JPEG
https://www.alsoouq.com//uploads/2022/07/6660581368.JPEG,1.0,عروض العثيم اليوم 28 يوليو 2022 الموافق 29 ذو الحجة 1443 عروض بالجملة الاوفر & عروض الويكند,https://www.alsoouq.com/saudi-arabia-offers/offers-othaim/%d8%b9%d8%b1%d9%88%d8%b6-%d8%a7%d9%84%d8%b9%d8%ab%d9%8a%d9%85-%d8%a7%d9%84%d9%8a%d9%88%d9%85-28-%d9%8a%d9%88%d9%84%d9%8a%d9%88-2022-%d8%a7%d9%84%d9%85%d9%88%d8%a7%d9%81%d9%82-29-%d8%b0%d9%88-%d8%a7.html,6660581368.JPEG,6660581368.JPEG,6660581368.JPEG
https://www.alsoouq.com//uploads/2022/07/8128207890.JPEG,1.0,عروض العثيم اليوم 28 يوليو 2022 الموافق 29 ذو الحجة 1443 عروض بالجملة الاوفر & عروض الويكند,https://www.alsoouq.com/saudi-arabia-offers/offers-othaim/%d8%b9%d8%b1%d9%88%d8%b6-%d8%a7%d9%84%d8%b9%d8%ab%d9%8a%d9%85-%d8%a7%d9%84%d9%8a%d9%88%d9%85-28-%d9%8a%d9%88%d9%84%d9%8a%d9%88-2022-%d8%a7%d9%84%d9%85%d9%88%d8%a7%d9%81%d9%82-29-%d8%b0%d9%88-%d8%a7.html,8128207890.JPEG,8128207890.JPEG,8128207890.JPEG
https://www.alsoouq.com//uploads/2022/07/6294712518.JPEG,1.0,عروض العثيم اليوم 28 يوليو 2022 الموافق 29 ذو الحجة 1443 عروض بالجملة الاوفر & عروض الويكند,https://www.alsoouq.com/saudi-arabia-offers/offers-othaim/%d8%b9%d8%b1%d9%88%d8%b6-%d8%a7%d9%84%d8%b9%d8%ab%d9%8a%d9%85-%d8%a7%d9%84%d9%8a%d9%88%d9%85-28-%d9%8a%d9%88%d9%84%d9%8a%d9%88-2022-%d8%a7%d9%84%d9%85%d9%88%d8%a7%d9%81%d9%82-29-%d8%b0%d9%88-%d8%a7.html,6294712518.JPEG,6294712518.JPEG,6294712518.JPEG
https://www.alsoouq.com//uploads/2022/07/3328346178.JPEG,2.0,عروض العثيم اليوم 28 يوليو 2022 الموافق 29 ذو الحجة 1443 عروض بالجملة الاوفر & عروض الويكند,https://www.alsoouq.com/saudi-arabia-offers/offers-othaim/%d8%b9%d8%b1%d9%88%d8%b6-%d8%a7%d9%84%d8%b9%d8%ab%d9%8a%d9%85-%d8%a7%d9%84%d9%8a%d9%88%d9%85-28-%d9%8a%d9%88%d9%84%d9%8a%d9%88-2022-%d8%a7%d9%84%d9%85%d9%88%d8%a7%d9%81%d9%82-29-%d8%b0%d9%88-%d8%a7.html,3328346178.JPEG,3328346178.JPEG,3328346178.JPEG
https://www.alsoouq.com//uploads/2022/07/1313908077.JPEG,2.0,عروض العثيم اليوم 28 يوليو 2022 الموافق 29 ذو الحجة 1443 عروض بالجملة الاوفر & عروض الويكند,https://www.alsoouq.com/saudi-arabia-offers/offers-othaim/%d8%b9%d8%b1%d9%88%d8%b6-%d8%a7%d9%84%d8%b9%d8%ab%d9%8a%d9%85-%d8%a7%d9%84%d9%8a%d9%88%d9%85-28-%d9%8a%d9%88%d9%84%d9%8a%d9%88-2022-%d8%a7%d9%84%d9%85%d9%88%d8%a7%d9%81%d9%82-29-%d8%b0%d9%88-%d8%a7.html,1313908077.JPEG,1313908077.JPEG,1313908077.JPEG
https://www.alsoouq.com//uploads/2022/07/3927859575.JPEG,2.0,عروض العثيم اليوم 28 يوليو 2022 الموافق 29 ذو الحجة 1443 عروض بالجملة الاوفر & عروض الويكند,https://www.alsoouq.com/saudi-arabia-offers/offers-othaim/%d8%b9%d8%b1%d9%88%d8%b6-%d8%a7%d9%84%d8%b9%d8%ab%d9%8a%d9%85-%d8%a7%d9%84%d9%8a%d9%88%d9%85-28-%d9%8a%d9%88%d9%84%d9%8a%d9%88-2022-%d8%a7%d9%84%d9%85%d9%88%d8%a7%d9%81%d9%82-29-%d8%b0%d9%88-%d8%a7.html,3927859575.JPEG,3927859575.JPEG,3927859575.JPEG
https://www.alsoouq.com//uploads/2022/07/1076632180.JPEG,2.0,عروض العثيم اليوم 28 يوليو 2022 الموافق 29 ذو الحجة 1443 عروض بالجملة الاوفر & عروض الويكند,https://www.alsoouq.com/saudi-arabia-offers/offers-othaim/%d8%b9%d8%b1%d9%88%d8%b6-%d8%a7%d9%84%d8%b9%d8%ab%d9%8a%d9%85-%d8%a7%d9%84%d9%8a%d9%88%d9%85-28-%d9%8a%d9%88%d9%84%d9%8a%d9%88-2022-%d8%a7%d9%84%d9%85%d9%88%d8%a7%d9%81%d9%82-29-%d8%b0%d9%88-%d8%a7.html,1076632180.JPEG,1076632180.JPEG,1076632180.JPEG
https://www.alsoouq.com//uploads/2022/07/1313340371.JPEG,3.0,عروض العثيم اليوم 28 يوليو 2022 الموافق 29 ذو الحجة 1443 عروض بالجملة الاوفر & عروض الويكند,https://www.alsoouq.com/saudi-arabia-offers/offers-othaim/%d8%b9%d8%b1%d9%88%d8%b6-%d8%a7%d9%84%d8%b9%d8%ab%d9%8a%d9%85-%d8%a7%d9%84%d9%8a%d9%88%d9%85-28-%d9%8a%d9%88%d9%84%d9%8a%d9%88-2022-%d8%a7%d9%84%d9%85%d9%88%d8%a7%d9%81%d9%82-29-%d8%b0%d9%88-%d8%a7.html,1313340371.JPEG,1313340371.JPEG,1313340371.JPEG
https://www.alsoouq.com//uploads/2022/07/9377964170.JPEG,3.0,عروض العثيم اليوم 28 يوليو 2022 الموافق 29 ذو الحجة 1443 عروض بالجملة الاوفر & عروض الويكند,https://www.alsoouq.com/saudi-arabia-offers/offers-othaim/%d8%b9%d8%b1%d9%88%d8%b6-%d8%a7%d9%84%d8%b9%d8%ab%d9%8a%d9%85-%d8%a7%d9%84%d9%8a%d9%88%d9%85-28-%d9%8a%d9%88%d9%84%d9%8a%d9%88-2022-%d8%a7%d9%84%d9%85%d9%88%d8%a7%d9%81%d9%82-29-%d8%b0%d9%88-%d8%a7.html,9377964170.JPEG,9377964170.JPEG,9377964170.JPEG
https://www.alsoouq.com//uploads/2022/07/1338112502.JPEG,3.0,عروض العثيم اليوم 28 يوليو 2022 الموافق 29 ذو الحجة 1443 عروض بالجملة الاوفر & عروض الويكند,https://www.alsoouq.com/saudi-arabia-offers/offers-othaim/%d8%b9%d8%b1%d9%88%d8%b6-%d8%a7%d9%84%d8%b9%d8%ab%d9%8a%d9%85-%d8%a7%d9%84%d9%8a%d9%88%d9%85-28-%d9%8a%d9%88%d9%84%d9%8a%d9%88-2022-%d8%a7%d9%84%d9%85%d9%88%d8%a7%d9%81%d9%82-29-%d8%b0%d9%88-%d8%a7.html,1338112502.JPEG,1338112502.JPEG,1338112502.JPEG
https://www.alsoouq.com//uploads/2022/07/6582250362.JPEG,3.0,عروض العثيم اليوم 28 يوليو 2022 الموافق 29 ذو الحجة 1443 عروض بالجملة الاوفر & عروض الويكند,https://www.alsoouq.com/saudi-arabia-offers/offers-othaim/%d8%b9%d8%b1%d9%88%d8%b6-%d8%a7%d9%84%d8%b9%d8%ab%d9%8a%d9%85-%d8%a7%d9%84%d9%8a%d9%88%d9%85-28-%d9%8a%d9%88%d9%84%d9%8a%d9%88-2022-%d8%a7%d9%84%d9%85%d9%88%d8%a7%d9%81%d9%82-29-%d8%b0%d9%88-%d8%a7.html,6582250362.JPEG,6582250362.JPEG,6582250362.JPEG
https://www.alsoouq.com//uploads/2022/07/7523190256.JPEG,4.0,عروض العثيم اليوم 28 يوليو 2022 الموافق 29 ذو الحجة 1443 عروض بالجملة الاوفر & عروض الويكند,https://www.alsoouq.com/saudi-arabia-offers/offers-othaim/%d8%b9%d8%b1%d9%88%d8%b6-%d8%a7%d9%84%d8%b9%d8%ab%d9%8a%d9%85-%d8%a7%d9%84%d9%8a%d9%88%d9%85-28-%d9%8a%d9%88%d9%84%d9%8a%d9%88-2022-%d8%a7%d9%84%d9%85%d9%88%d8%a7%d9%81%d9%82-29-%d8%b0%d9%88-%d8%a7.html,7523190256.JPEG,7523190256.JPEG,7523190256.JPEG
https://www.alsoouq.com//uploads/2022/07/3979755705.JPEG,4.0,عروض العثيم اليوم 28 يوليو 2022 الموافق 29 ذو الحجة 1443 عروض بالجملة الاوفر & عروض الويكند,https://www.alsoouq.com/saudi-arabia-offers/offers-othaim/%d8%b9%d8%b1%d9%88%d8%b6-%d8%a7%d9%84%d8%b9%d8%ab%d9%8a%d9%85-%d8%a7%d9%84%d9%8a%d9%88%d9%85-28-%d9%8a%d9%88%d9%84%d9%8a%d9%88-2022-%d8%a7%d9%84%d9%85%d9%88%d8%a7%d9%81%d9%82-29-%d8%b0%d9%88-%d8%a7.html,3979755705.JPEG,3979755705.JPEG,3979755705.JPEG
https://www.alsoouq.com//uploads/2022/07/4720617294.JPEG,4.0,عروض العثيم اليوم 28 يوليو 2022 الموافق 29 ذو الحجة 1443 عروض بالجملة الاوفر & عروض الويكند,https://www.alsoouq.com/saudi-arabia-offers/offers-othaim/%d8%b9%d8%b1%d9%88%d8%b6-%d8%a7%d9%84%d8%b9%d8%ab%d9%8a%d9%85-%d8%a7%d9%84%d9%8a%d9%88%d9%85-28-%d9%8a%d9%88%d9%84%d9%8a%d9%88-2022-%d8%a7%d9%84%d9%85%d9%88%d8%a7%d9%81%d9%82-29-%d8%b0%d9%88-%d8%a7.html,4720617294.JPEG,4720617294.JPEG,4720617294.JPEG
https://www.alsoouq.com//uploads/2022/07/5462959033.JPEG,4.0,عروض العثيم اليوم 28 يوليو 2022 الموافق 29 ذو الحجة 1443 عروض بالجملة الاوفر & عروض الويكند,https://www.alsoouq.com/saudi-arabia-offers/offers-othaim/%d8%b9%d8%b1%d9%88%d8%b6-%d8%a7%d9%84%d8%b9%d8%ab%d9%8a%d9%85-%d8%a7%d9%84%d9%8a%d9%88%d9%85-28-%d9%8a%d9%88%d9%84%d9%8a%d9%88-2022-%d8%a7%d9%84%d9%85%d9%88%d8%a7%d9%81%d9%82-29-%d8%b0%d9%88-%d8%a7.html,5462959033.JPEG,5462959033.JPEG,5462959033.JPEG
https://www.alsoouq.com//uploads/2022/07/6150942392.JPEG,5.0,عروض العثيم اليوم 28 يوليو 2022 الموافق 29 ذو الحجة 1443 عروض بالجملة الاوفر & عروض الويكند,https://www.alsoouq.com/saudi-arabia-offers/offers-othaim/%d8%b9%d8%b1%d9%88%d8%b6-%d8%a7%d9%84%d8%b9%d8%ab%d9%8a%d9%85-%d8%a7%d9%84%d9%8a%d9%88%d9%85-28-%d9%8a%d9%88%d9%84%d9%8a%d9%88-2022-%d8%a7%d9%84%d9%85%d9%88%d8%a7%d9%81%d9%82-29-%d8%b0%d9%88-%d8%a7.html,6150942392.JPEG,6150942392.JPEG,6150942392.JPEG
https://www.alsoouq.com//uploads/2022/07/1648695534.JPEG,5.0,عروض العثيم اليوم 28 يوليو 2022 الموافق 29 ذو الحجة 1443 عروض بالجملة الاوفر & عروض الويكند,https://www.alsoouq.com/saudi-arabia-offers/offers-othaim/%d8%b9%d8%b1%d9%88%d8%b6-%d8%a7%d9%84%d8%b9%d8%ab%d9%8a%d9%85-%d8%a7%d9%84%d9%8a%d9%88%d9%85-28-%d9%8a%d9%88%d9%84%d9%8a%d9%88-2022-%d8%a7%d9%84%d9%85%d9%88%d8%a7%d9%81%d9%82-29-%d8%b0%d9%88-%d8%a7.html,1648695534.JPEG,1648695534.JPEG,1648695534.JPEG
https://www.alsoouq.com//uploads/2022/07/5967243621.JPEG,5.0,عروض العثيم اليوم 28 يوليو 2022 الموافق 29 ذو الحجة 1443 عروض بالجملة الاوفر & عروض الويكند,https://www.alsoouq.com/saudi-arabia-offers/offers-othaim/%d8%b9%d8%b1%d9%88%d8%b6-%d8%a7%d9%84%d8%b9%d8%ab%d9%8a%d9%85-%d8%a7%d9%84%d9%8a%d9%88%d9%85-28-%d9%8a%d9%88%d9%84%d9%8a%d9%88-2022-%d8%a7%d9%84%d9%85%d9%88%d8%a7%d9%81%d9%82-29-%d8%b0%d9%88-%d8%a7.html,5967243621.JPEG,5967243621.JPEG,5967243621.JPEG
https://www.alsoouq.com//uploads/2022/07/5042068864.JPEG,5.0,عروض العثيم اليوم 28 يوليو 2022 الموافق 29 ذو الحجة 1443 عروض بالجملة الاوفر & عروض الويكند,https://www.alsoouq.com/saudi-arabia-offers/offers-othaim/%d8%b9%d8%b1%d9%88%d8%b6-%d8%a7%d9%84%d8%b9%d8%ab%d9%8a%d9%85-%d8%a7%d9%84%d9%8a%d9%88%d9%85-28-%d9%8a%d9%88%d9%84%d9%8a%d9%88-2022-%d8%a7%d9%84%d9%85%d9%88%d8%a7%d9%81%d9%82-29-%d8%b0%d9%88-%d8%a7.html,5042068864.JPEG,5042068864.JPEG,5042068864.JPEG
https://www.alsoouq.com//uploads/2022/07/1470582364.JPEG,5.0,عروض العثيم اليوم 28 يوليو 2022 الموافق 29 ذو الحجة 1443 عروض بالجملة الاوفر & عروض الويكند,https://www.alsoouq.com/saudi-arabia-offers/offers-othaim/%d8%b9%d8%b1%d9%88%d8%b6-%d8%a7%d9%84%d8%b9%d8%ab%d9%8a%d9%85-%d8%a7%d9%84%d9%8a%d9%88%d9%85-28-%d9%8a%d9%88%d9%84%d9%8a%d9%88-2022-%d8%a7%d9%84%d9%85%d9%88%d8%a7%d9%81%d9%82-29-%d8%b0%d9%88-%d8%a7.html,1470582364.JPEG,1470582364.JPEG,1470582364.JPEG
https://www.alsoouq.com//uploads/2022/07/356333695.JPEG,5.0,عروض العثيم اليوم 28 يوليو 2022 الموافق 29 ذو الحجة 1443 عروض بالجملة الاوفر & عروض الويكند,https://www.alsoouq.com/saudi-arabia-offers/offers-othaim/%d8%b9%d8%b1%d9%88%d8%b6-%d8%a7%d9%84%d8%b9%d8%ab%d9%8a%d9%85-%d8%a7%d9%84%d9%8a%d9%88%d9%85-28-%d9%8a%d9%88%d9%84%d9%8a%d9%88-2022-%d8%a7%d9%84%d9%85%d9%88%d8%a7%d9%81%d9%82-29-%d8%b0%d9%88-%d8%a7.html,356333695.JPEG,356333695.JPEG,356333695.JPEG
https://www.alsoouq.com//uploads/2022/07/5298529963.JPEG,5.0,عروض العثيم اليوم 28 يوليو 2022 الموافق 29 ذو الحجة 1443 عروض بالجملة الاوفر & عروض الويكند,https://www.alsoouq.com/saudi-arabia-offers/offers-othaim/%d8%b9%d8%b1%d9%88%d8%b6-%d8%a7%d9%84%d8%b9%d8%ab%d9%8a%d9%85-%d8%a7%d9%84%d9%8a%d9%88%d9%85-28-%d9%8a%d9%88%d9%84%d9%8a%d9%88-2022-%d8%a7%d9%84%d9%85%d9%88%d8%a7%d9%81%d9%82-29-%d8%b0%d9%88-%d8%a7.html,5298529963.JPEG,5298529963.JPEG,5298529963.JPEG
https://www.alsoouq.com//uploads/2022/07/8091220374.JPEG,5.0,عروض العثيم اليوم 28 يوليو 2022 الموافق 29 ذو الحجة 1443 عروض بالجملة الاوفر & عروض الويكند,https://www.alsoouq.com/saudi-arabia-offers/offers-othaim/%d8%b9%d8%b1%d9%88%d8%b6-%d8%a7%d9%84%d8%b9%d8%ab%d9%8a%d9%85-%d8%a7%d9%84%d9%8a%d9%88%d9%85-28-%d9%8a%d9%88%d9%84%d9%8a%d9%88-2022-%d8%a7%d9%84%d9%85%d9%88%d8%a7%d9%81%d9%82-29-%d8%b0%d9%88-%d8%a7.html,8091220374.JPEG,8091220374.JPEG,8091220374.JPEG
https://www.alsoouq.com//uploads/2022/07/5773574458.jpg,1.0,عروض العثيم اليوم الاثنين 25-7-2022 الموافق 26-12-1443 مهرجان الطازج & كيلو عليك وكيلو علينا,https://www.alsoouq.com/saudi-arabia-offers/offers-othaim/%d8%b9%d8%b1%d9%88%d8%b6-%d8%a7%d9%84%d8%b9%d8%ab%d9%8a%d9%85-%d8%a7%d9%84%d9%8a%d9%88%d9%85-%d8%a7%d9%84%d8%a7%d8%ab%d9%86%d9%8a%d9%86-25-7-2022-%d8%a7%d9%84%d9%85%d9%88%d8%a7%d9%81%d9%82-26-12-1443.html,5773574458.jpg,,5773574458.jpg
https://www.alsoouq.com//uploads/2022/07/3487886750.jpg,1.0,عروض العثيم اليوم الاثنين 25-7-2022 الموافق 26-12-1443 مهرجان الطازج & كيلو عليك وكيلو علينا,https://www.alsoouq.com/saudi-arabia-offers/offers-othaim/%d8%b9%d8%b1%d9%88%d8%b6-%d8%a7%d9%84%d8%b9%d8%ab%d9%8a%d9%85-%d8%a7%d9%84%d9%8a%d9%88%d9%85-%d8%a7%d9%84%d8%a7%d8%ab%d9%86%d9%8a%d9%86-25-7-2022-%d8%a7%d9%84%d9%85%d9%88%d8%a7%d9%81%d9%82-26-12-1443.html,3487886750.jpg,,3487886750.jpg
https://www.alsoouq.com//uploads/2022/07/5150196959.jpg,1.0,عروض العثيم اليوم الاثنين 25-7-2022 الموافق 26-12-1443 مهرجان الطازج & كيلو عليك وكيلو علينا,https://www.alsoouq.com/saudi-arabia-offers/offers-othaim/%d8%b9%d8%b1%d9%88%d8%b6-%d8%a7%d9%84%d8%b9%d8%ab%d9%8a%d9%85-%d8%a7%d9%84%d9%8a%d9%88%d9%85-%d8%a7%d9%84%d8%a7%d8%ab%d9%86%d9%8a%d9%86-25-7-2022-%d8%a7%d9%84%d9%85%d9%88%d8%a7%d9%81%d9%82-26-12-1443.html,5150196959.jpg,,5150196959.jpg
https://www.alsoouq.com//uploads/2022/07/9238958071.jpg,1.0,عروض العثيم اليوم الاثنين 25-7-2022 الموافق 26-12-1443 مهرجان الطازج & كيلو عليك وكيلو علينا,https://www.alsoouq.com/saudi-arabia-offers/offers-othaim/%d8%b9%d8%b1%d9%88%d8%b6-%d8%a7%d9%84%d8%b9%d8%ab%d9%8a%d9%85-%d8%a7%d9%84%d9%8a%d9%88%d9%85-%d8%a7%d9%84%d8%a7%d8%ab%d9%86%d9%8a%d9%86-25-7-2022-%d8%a7%d9%84%d9%85%d9%88%d8%a7%d9%81%d9%82-26-12-1443.html,9238958071.jpg,,9238958071.jpg
https://www.alsoouq.com//uploads/2022/07/267319503.jpg,1.0,عروض العثيم السبت 23 يوليو 2022 الموافق 24 ذو الحجة 1443 لاتفوتكم الساعات الأخيرة من عروض الويكند,https://www.alsoouq.com/saudi-arabia-offers/offers-othaim/%d8%b9%d8%b1%d9%88%d8%b6-%d8%a7%d9%84%d8%b9%d8%ab%d9%8a%d9%85-%d8%a7%d9%84%d8%b3%d8%a8%d8%aa-23-%d9%8a%d9%88%d9%84%d9%8a%d9%88-2022-%d8%a7%d9%84%d9%85%d9%88%d8%a7%d9%81%d9%82-24-%d8%b0%d9%88-%d8%a7.html,267319503.jpg,,267319503.jpg
https://www.alsoouq.com//uploads/2022/07/5360231754.jpg,1.0,عروض العثيم السبت 23 يوليو 2022 الموافق 24 ذو الحجة 1443 لاتفوتكم الساعات الأخيرة من عروض الويكند,https://www.alsoouq.com/saudi-arabia-offers/offers-othaim/%d8%b9%d8%b1%d9%88%d8%b6-%d8%a7%d9%84%d8%b9%d8%ab%d9%8a%d9%85-%d8%a7%d9%84%d8%b3%d8%a8%d8%aa-23-%d9%8a%d9%88%d9%84%d9%8a%d9%88-2022-%d8%a7%d9%84%d9%85%d9%88%d8%a7%d9%81%d9%82-24-%d8%b0%d9%88-%d8%a7.html,5360231754.jpg,,5360231754.jpg
https://www.alsoouq.com//uploads/2022/07/4970818910.JPEG,1.0,عروض العثيم السبت 23 يوليو 2022 الموافق 24 ذو الحجة 1443 لاتفوتكم الساعات الأخيرة من عروض الويكند,https://www.alsoouq.com/saudi-arabia-offers/offers-othaim/%d8%b9%d8%b1%d9%88%d8%b6-%d8%a7%d9%84%d8%b9%d8%ab%d9%8a%d9%85-%d8%a7%d9%84%d8%b3%d8%a8%d8%aa-23-%d9%8a%d9%88%d9%84%d9%8a%d9%88-2022-%d8%a7%d9%84%d9%85%d9%88%d8%a7%d9%81%d9%82-24-%d8%b0%d9%88-%d8%a7.html,4970818910.JPEG,,4970818910.JPEG
https://www.alsoouq.com//uploads/2022/07/2079435239.JPEG,1.0,عروض العثيم السبت 23 يوليو 2022 الموافق 24 ذو الحجة 1443 لاتفوتكم الساعات الأخيرة من عروض الويكند,https://www.alsoouq.com/saudi-arabia-offers/offers-othaim/%d8%b9%d8%b1%d9%88%d8%b6-%d8%a7%d9%84%d8%b9%d8%ab%d9%8a%d9%85-%d8%a7%d9%84%d8%b3%d8%a8%d8%aa-23-%d9%8a%d9%88%d9%84%d9%8a%d9%88-2022-%d8%a7%d9%84%d9%85%d9%88%d8%a7%d9%81%d9%82-24-%d8%b0%d9%88-%d8%a7.html,2079435239.JPEG,,2079435239.JPEG
https://www.alsoouq.com//uploads/2022/07/154676352.JPEG,1.0,عروض العثيم السبت 23 يوليو 2022 الموافق 24 ذو الحجة 1443 لاتفوتكم الساعات الأخيرة من عروض الويكند,https://www.alsoouq.com/saudi-arabia-offers/offers-othaim/%d8%b9%d8%b1%d9%88%d8%b6-%d8%a7%d9%84%d8%b9%d8%ab%d9%8a%d9%85-%d8%a7%d9%84%d8%b3%d8%a8%d8%aa-23-%d9%8a%d9%88%d9%84%d9%8a%d9%88-2022-%d8%a7%d9%84%d9%85%d9%88%d8%a7%d9%81%d9%82-24-%d8%b0%d9%88-%d8%a7.html,154676352.JPEG,,154676352.JPEG
https://www.alsoouq.com//uploads/2022/07/6329171570.JPEG,1.0,عروض العثيم السبت 23 يوليو 2022 الموافق 24 ذو الحجة 1443 لاتفوتكم الساعات الأخيرة من عروض الويكند,https://www.alsoouq.com/saudi-arabia-offers/offers-othaim/%d8%b9%d8%b1%d9%88%d8%b6-%d8%a7%d9%84%d8%b9%d8%ab%d9%8a%d9%85-%d8%a7%d9%84%d8%b3%d8%a8%d8%aa-23-%d9%8a%d9%88%d9%84%d9%8a%d9%88-2022-%d8%a7%d9%84%d9%85%d9%88%d8%a7%d9%81%d9%82-24-%d8%b0%d9%88-%d8%a7.html,6329171570.JPEG,,6329171570.JPEG
https://www.alsoouq.com//uploads/2022/07/6371642631.JPEG,2.0,عروض العثيم السبت 23 يوليو 2022 الموافق 24 ذو الحجة 1443 لاتفوتكم الساعات الأخيرة من عروض الويكند,https://www.alsoouq.com/saudi-arabia-offers/offers-othaim/%d8%b9%d8%b1%d9%88%d8%b6-%d8%a7%d9%84%d8%b9%d8%ab%d9%8a%d9%85-%d8%a7%d9%84%d8%b3%d8%a8%d8%aa-23-%d9%8a%d9%88%d9%84%d9%8a%d9%88-2022-%d8%a7%d9%84%d9%85%d9%88%d8%a7%d9%81%d9%82-24-%d8%b0%d9%88-%d8%a7.html,6371642631.JPEG,,6371642631.JPEG
https://www.alsoouq.com//uploads/2022/07/4032020212.JPEG,2.0,عروض العثيم السبت 23 يوليو 2022 الموافق 24 ذو الحجة 1443 لاتفوتكم الساعات الأخيرة من عروض الويكند,https://www.alsoouq.com/saudi-arabia-offers/offers-othaim/%d8%b9%d8%b1%d9%88%d8%b6-%d8%a7%d9%84%d8%b9%d8%ab%d9%8a%d9%85-%d8%a7%d9%84%d8%b3%d8%a8%d8%aa-23-%d9%8a%d9%88%d9%84%d9%8a%d9%88-2022-%d8%a7%d9%84%d9%85%d9%88%d8%a7%d9%81%d9%82-24-%d8%b0%d9%88-%d8%a7.html,4032020212.JPEG,,4032020212.JPEG
https://www.alsoouq.com//uploads/2022/07/3425553185.JPEG,2.0,عروض العثيم السبت 23 يوليو 2022 الموافق 24 ذو الحجة 1443 لاتفوتكم الساعات الأخيرة من عروض الويكند,https://www.alsoouq.com/saudi-arabia-offers/offers-othaim/%d8%b9%d8%b1%d9%88%d8%b6-%d8%a7%d9%84%d8%b9%d8%ab%d9%8a%d9%85-%d8%a7%d9%84%d8%b3%d8%a8%d8%aa-23-%d9%8a%d9%88%d9%84%d9%8a%d9%88-2022-%d8%a7%d9%84%d9%85%d9%88%d8%a7%d9%81%d9%82-24-%d8%b0%d9%88-%d8%a7.html,3425553185.JPEG,,3425553185.JPEG
https://www.alsoouq.com//uploads/2022/07/3882820365.JPEG,2.0,عروض العثيم السبت 23 يوليو 2022 الموافق 24 ذو الحجة 1443 لاتفوتكم الساعات الأخيرة من عروض الويكند,https://www.alsoouq.com/saudi-arabia-offers/offers-othaim/%d8%b9%d8%b1%d9%88%d8%b6-%d8%a7%d9%84%d8%b9%d8%ab%d9%8a%d9%85-%d8%a7%d9%84%d8%b3%d8%a8%d8%aa-23-%d9%8a%d9%88%d9%84%d9%8a%d9%88-2022-%d8%a7%d9%84%d9%85%d9%88%d8%a7%d9%81%d9%82-24-%d8%b0%d9%88-%d8%a7.html,3882820365.JPEG,,3882820365.JPEG
https://www.alsoouq.com//uploads/2022/07/8534521775.JPEG,3.0,عروض العثيم السبت 23 يوليو 2022 الموافق 24 ذو الحجة 1443 لاتفوتكم الساعات الأخيرة من عروض الويكند,https://www.alsoouq.com/saudi-arabia-offers/offers-othaim/%d8%b9%d8%b1%d9%88%d8%b6-%d8%a7%d9%84%d8%b9%d8%ab%d9%8a%d9%85-%d8%a7%d9%84%d8%b3%d8%a8%d8%aa-23-%d9%8a%d9%88%d9%84%d9%8a%d9%88-2022-%d8%a7%d9%84%d9%85%d9%88%d8%a7%d9%81%d9%82-24-%d8%b0%d9%88-%d8%a7.html,8534521775.JPEG,,8534521775.JPEG
https://www.alsoouq.com//uploads/2022/07/1741477412.JPEG,3.0,عروض العثيم السبت 23 يوليو 2022 الموافق 24 ذو الحجة 1443 لاتفوتكم الساعات الأخيرة من عروض الويكند,https://www.alsoouq.com/saudi-arabia-offers/offers-othaim/%d8%b9%d8%b1%d9%88%d8%b6-%d8%a7%d9%84%d8%b9%d8%ab%d9%8a%d9%85-%d8%a7%d9%84%d8%b3%d8%a8%d8%aa-23-%d9%8a%d9%88%d9%84%d9%8a%d9%88-2022-%d8%a7%d9%84%d9%85%d9%88%d8%a7%d9%81%d9%82-24-%d8%b0%d9%88-%d8%a7.html,1741477412.JPEG,,1741477412.JPEG
https://www.alsoouq.com//uploads/2022/07/5928194832.JPEG,3.0,عروض العثيم السبت 23 يوليو 2022 الموافق 24 ذو الحجة 1443 لاتفوتكم الساعات الأخيرة من عروض الويكند,https://www.alsoouq.com/saudi-arabia-offers/offers-othaim/%d8%b9%d8%b1%d9%88%d8%b6-%d8%a7%d9%84%d8%b9%d8%ab%d9%8a%d9%85-%d8%a7%d9%84%d8%b3%d8%a8%d8%aa-23-%d9%8a%d9%88%d9%84%d9%8a%d9%88-2022-%d8%a7%d9%84%d9%85%d9%88%d8%a7%d9%81%d9%82-24-%d8%b0%d9%88-%d8%a7.html,5928194832.JPEG,,5928194832.JPEG
https://www.alsoouq.com//uploads/2022/07/8745679450.JPEG,3.0,عروض العثيم السبت 23 يوليو 2022 الموافق 24 ذو الحجة 1443 لاتفوتكم الساعات الأخيرة من عروض الويكند,https://www.alsoouq.com/saudi-arabia-offers/offers-othaim/%d8%b9%d8%b1%d9%88%d8%b6-%d8%a7%d9%84%d8%b9%d8%ab%d9%8a%d9%85-%d8%a7%d9%84%d8%b3%d8%a8%d8%aa-23-%d9%8a%d9%88%d9%84%d9%8a%d9%88-2022-%d8%a7%d9%84%d9%85%d9%88%d8%a7%d9%81%d9%82-24-%d8%b0%d9%88-%d8%a7.html,8745679450.JPEG,,8745679450.JPEG
https://www.alsoouq.com//uploads/2022/07/9722157417.JPEG,4.0,عروض العثيم السبت 23 يوليو 2022 الموافق 24 ذو الحجة 1443 لاتفوتكم الساعات الأخيرة من عروض الويكند,https://www.alsoouq.com/saudi-arabia-offers/offers-othaim/%d8%b9%d8%b1%d9%88%d8%b6-%d8%a7%d9%84%d8%b9%d8%ab%d9%8a%d9%85-%d8%a7%d9%84%d8%b3%d8%a8%d8%aa-23-%d9%8a%d9%88%d9%84%d9%8a%d9%88-2022-%d8%a7%d9%84%d9%85%d9%88%d8%a7%d9%81%d9%82-24-%d8%b0%d9%88-%d8%a7.html,9722157417.JPEG,,9722157417.JPEG
https://www.alsoouq.com//uploads/2022/07/753385075.JPEG,4.0,عروض العثيم السبت 23 يوليو 2022 الموافق 24 ذو الحجة 1443 لاتفوتكم الساعات الأخيرة من عروض الويكند,https://www.alsoouq.com/saudi-arabia-offers/offers-othaim/%d8%b9%d8%b1%d9%88%d8%b6-%d8%a7%d9%84%d8%b9%d8%ab%d9%8a%d9%85-%d8%a7%d9%84%d8%b3%d8%a8%d8%aa-23-%d9%8a%d9%88%d9%84%d9%8a%d9%88-2022-%d8%a7%d9%84%d9%85%d9%88%d8%a7%d9%81%d9%82-24-%d8%b0%d9%88-%d8%a7.html,753385075.JPEG,,753385075.JPEG
https://www.alsoouq.com//uploads/2022/07/7958223675.JPEG,4.0,عروض العثيم السبت 23 يوليو 2022 الموافق 24 ذو الحجة 1443 لاتفوتكم الساعات الأخيرة من عروض الويكند,https://www.alsoouq.com/saudi-arabia-offers/offers-othaim/%d8%b9%d8%b1%d9%88%d8%b6-%d8%a7%d9%84%d8%b9%d8%ab%d9%8a%d9%85-%d8%a7%d9%84%d8%b3%d8%a8%d8%aa-23-%d9%8a%d9%88%d9%84%d9%8a%d9%88-2022-%d8%a7%d9%84%d9%85%d9%88%d8%a7%d9%81%d9%82-24-%d8%b0%d9%88-%d8%a7.html,7958223675.JPEG,,7958223675.JPEG
https://www.alsoouq.com//uploads/2022/07/7460235899.JPEG,4.0,عروض العثيم السبت 23 يوليو 2022 الموافق 24 ذو الحجة 1443 لاتفوتكم الساعات الأخيرة من عروض الويكند,https://www.alsoouq.com/saudi-arabia-offers/offers-othaim/%d8%b9%d8%b1%d9%88%d8%b6-%d8%a7%d9%84%d8%b9%d8%ab%d9%8a%d9%85-%d8%a7%d9%84%d8%b3%d8%a8%d8%aa-23-%d9%8a%d9%88%d9%84%d9%8a%d9%88-2022-%d8%a7%d9%84%d9%85%d9%88%d8%a7%d9%81%d9%82-24-%d8%b0%d9%88-%d8%a7.html,7460235899.JPEG,,7460235899.JPEG
https://www.alsoouq.com//uploads/2022/07/6478173183.JPEG,5.0,عروض العثيم السبت 23 يوليو 2022 الموافق 24 ذو الحجة 1443 لاتفوتكم الساعات الأخيرة من عروض الويكند,https://www.alsoouq.com/saudi-arabia-offers/offers-othaim/%d8%b9%d8%b1%d9%88%d8%b6-%d8%a7%d9%84%d8%b9%d8%ab%d9%8a%d9%85-%d8%a7%d9%84%d8%b3%d8%a8%d8%aa-23-%d9%8a%d9%88%d9%84%d9%8a%d9%88-2022-%d8%a7%d9%84%d9%85%d9%88%d8%a7%d9%81%d9%82-24-%d8%b0%d9%88-%d8%a7.html,6478173183.JPEG,,6478173183.JPEG
https://www.alsoouq.com//uploads/2022/07/6586694435.JPEG,5.0,عروض العثيم السبت 23 يوليو 2022 الموافق 24 ذو الحجة 1443 لاتفوتكم الساعات الأخيرة من عروض الويكند,https://www.alsoouq.com/saudi-arabia-offers/offers-othaim/%d8%b9%d8%b1%d9%88%d8%b6-%d8%a7%d9%84%d8%b9%d8%ab%d9%8a%d9%85-%d8%a7%d9%84%d8%b3%d8%a8%d8%aa-23-%d9%8a%d9%88%d9%84%d9%8a%d9%88-2022-%d8%a7%d9%84%d9%85%d9%88%d8%a7%d9%81%d9%82-24-%d8%b0%d9%88-%d8%a7.html,6586694435.JPEG,,6586694435.JPEG
https://www.alsoouq.com//uploads/2022/07/3899641155.JPEG,5.0,عروض العثيم السبت 23 يوليو 2022 الموافق 24 ذو الحجة 1443 لاتفوتكم الساعات الأخيرة من عروض الويكند,https://www.alsoouq.com/saudi-arabia-offers/offers-othaim/%d8%b9%d8%b1%d9%88%d8%b6-%d8%a7%d9%84%d8%b9%d8%ab%d9%8a%d9%85-%d8%a7%d9%84%d8%b3%d8%a8%d8%aa-23-%d9%8a%d9%88%d9%84%d9%8a%d9%88-2022-%d8%a7%d9%84%d9%85%d9%88%d8%a7%d9%81%d9%82-24-%d8%b0%d9%88-%d8%a7.html,3899641155.JPEG,,3899641155.JPEG
https://www.alsoouq.com//uploads/2022/07/4361451623.JPEG,5.0,عروض العثيم السبت 23 يوليو 2022 الموافق 24 ذو الحجة 1443 لاتفوتكم الساعات الأخيرة من عروض الويكند,https://www.alsoouq.com/saudi-arabia-offers/offers-othaim/%d8%b9%d8%b1%d9%88%d8%b6-%d8%a7%d9%84%d8%b9%d8%ab%d9%8a%d9%85-%d8%a7%d9%84%d8%b3%d8%a8%d8%aa-23-%d9%8a%d9%88%d9%84%d9%8a%d9%88-2022-%d8%a7%d9%84%d9%85%d9%88%d8%a7%d9%81%d9%82-24-%d8%b0%d9%88-%d8%a7.html,4361451623.JPEG,,4361451623.JPEG
https://www.alsoouq.com//uploads/2022/07/7186730845.JPEG,5.0,عروض العثيم السبت 23 يوليو 2022 الموافق 24 ذو الحجة 1443 لاتفوتكم الساعات الأخيرة من عروض الويكند,https://www.alsoouq.com/saudi-arabia-offers/offers-othaim/%d8%b9%d8%b1%d9%88%d8%b6-%d8%a7%d9%84%d8%b9%d8%ab%d9%8a%d9%85-%d8%a7%d9%84%d8%b3%d8%a8%d8%aa-23-%d9%8a%d9%88%d9%84%d9%8a%d9%88-2022-%d8%a7%d9%84%d9%85%d9%88%d8%a7%d9%81%d9%82-24-%d8%b0%d9%88-%d8%a7.html,7186730845.JPEG,,7186730845.JPEG
https://www.alsoouq.com//uploads/2022/07/1061524598.JPEG,5.0,عروض العثيم السبت 23 يوليو 2022 الموافق 24 ذو الحجة 1443 لاتفوتكم الساعات الأخيرة من عروض الويكند,https://www.alsoouq.com/saudi-arabia-offers/offers-othaim/%d8%b9%d8%b1%d9%88%d8%b6-%d8%a7%d9%84%d8%b9%d8%ab%d9%8a%d9%85-%d8%a7%d9%84%d8%b3%d8%a8%d8%aa-23-%d9%8a%d9%88%d9%84%d9%8a%d9%88-2022-%d8%a7%d9%84%d9%85%d9%88%d8%a7%d9%81%d9%82-24-%d8%b0%d9%88-%d8%a7.html,1061524598.JPEG,,1061524598.JPEG
https://www.alsoouq.com//uploads/2022/07/5840508700.JPEG,5.0,عروض العثيم السبت 23 يوليو 2022 الموافق 24 ذو الحجة 1443 لاتفوتكم الساعات الأخيرة من عروض الويكند,https://www.alsoouq.com/saudi-arabia-offers/offers-othaim/%d8%b9%d8%b1%d9%88%d8%b6-%d8%a7%d9%84%d8%b9%d8%ab%d9%8a%d9%85-%d8%a7%d9%84%d8%b3%d8%a8%d8%aa-23-%d9%8a%d9%88%d9%84%d9%8a%d9%88-2022-%d8%a7%d9%84%d9%85%d9%88%d8%a7%d9%81%d9%82-24-%d8%b0%d9%88-%d8%a7.html,5840508700.JPEG,,5840508700.JPEG
https://www.alsoouq.com//uploads/2022/07/9451168930.JPEG,5.0,عروض العثيم السبت 23 يوليو 2022 الموافق 24 ذو الحجة 1443 لاتفوتكم الساعات الأخيرة من عروض الويكند,https://www.alsoouq.com/saudi-arabia-offers/offers-othaim/%d8%b9%d8%b1%d9%88%d8%b6-%d8%a7%d9%84%d8%b9%d8%ab%d9%8a%d9%85-%d8%a7%d9%84%d8%b3%d8%a8%d8%aa-23-%d9%8a%d9%88%d9%84%d9%8a%d9%88-2022-%d8%a7%d9%84%d9%85%d9%88%d8%a7%d9%81%d9%82-24-%d8%b0%d9%88-%d8%a7.html,9451168930.JPEG,,9451168930.JPEG
https://www.alsoouq.com//uploads/2022/07/7064177993.jpg,1.0,عروض العثيم الأسبوعية تسري حتى 19 يوليو 2022 الموافق 20 ذو الحجة 1443 عروض التذكير باليوم الأخير,https://www.alsoouq.com/saudi-arabia-offers/offers-othaim/%d8%b9%d8%b1%d9%88%d8%b6-%d8%a7%d9%84%d8%b9%d8%ab%d9%8a%d9%85-%d8%a7%d9%84%d8%a3%d8%b3%d8%a8%d9%88%d8%b9%d9%8a%d8%a9-%d8%aa%d8%b3%d8%b1%d9%8a-%d8%ad%d8%aa%d9%89-19-%d9%8a%d9%88%d9%84%d9%8a%d9%88-2022.html,,,7064177993.jpg
https://www.alsoouq.com//uploads/2022/07/960816325.jpg,1.0,عروض العثيم الأسبوعية تسري حتى 19 يوليو 2022 الموافق 20 ذو الحجة 1443 عروض التذكير باليوم الأخير,https://www.alsoouq.com/saudi-arabia-offers/offers-othaim/%d8%b9%d8%b1%d9%88%d8%b6-%d8%a7%d9%84%d8%b9%d8%ab%d9%8a%d9%85-%d8%a7%d9%84%d8%a3%d8%b3%d8%a8%d9%88%d8%b9%d9%8a%d8%a9-%d8%aa%d8%b3%d8%b1%d9%8a-%d8%ad%d8%aa%d9%89-19-%d9%8a%d9%88%d9%84%d9%8a%d9%88-2022.html,,,960816325.jpg
https://www.alsoouq.com//uploads/2022/07/9261019360.jpg,1.0,عروض العثيم الأسبوعية تسري حتى 19 يوليو 2022 الموافق 20 ذو الحجة 1443 عروض التذكير باليوم الأخير,https://www.alsoouq.com/saudi-arabia-offers/offers-othaim/%d8%b9%d8%b1%d9%88%d8%b6-%d8%a7%d9%84%d8%b9%d8%ab%d9%8a%d9%85-%d8%a7%d9%84%d8%a3%d8%b3%d8%a8%d9%88%d8%b9%d9%8a%d8%a9-%d8%aa%d8%b3%d8%b1%d9%8a-%d8%ad%d8%aa%d9%89-19-%d9%8a%d9%88%d9%84%d9%8a%d9%88-2022.html,,,9261019360.jpg
https://www.alsoouq.com//uploads/2022/07/1990815119.jpg,1.0,عروض العثيم الأسبوعية تسري حتى 19 يوليو 2022 الموافق 20 ذو الحجة 1443 عروض التذكير باليوم الأخير,https://www.alsoouq.com/saudi-arabia-offers/offers-othaim/%d8%b9%d8%b1%d9%88%d8%b6-%d8%a7%d9%84%d8%b9%d8%ab%d9%8a%d9%85-%d8%a7%d9%84%d8%a3%d8%b3%d8%a8%d9%88%d8%b9%d9%8a%d8%a9-%d8%aa%d8%b3%d8%b1%d9%8a-%d8%ad%d8%aa%d9%89-19-%d9%8a%d9%88%d9%84%d9%8a%d9%88-2022.html,,,1990815119.jpg
https://www.alsoouq.com//uploads/2022/07/2210720687.jpg,2.0,عروض العثيم الأسبوعية تسري حتى 19 يوليو 2022 الموافق 20 ذو الحجة 1443 عروض التذكير باليوم الأخير,https://www.alsoouq.com/saudi-arabia-offers/offers-othaim/%d8%b9%d8%b1%d9%88%d8%b6-%d8%a7%d9%84%d8%b9%d8%ab%d9%8a%d9%85-%d8%a7%d9%84%d8%a3%d8%b3%d8%a8%d9%88%d8%b9%d9%8a%d8%a9-%d8%aa%d8%b3%d8%b1%d9%8a-%d8%ad%d8%aa%d9%89-19-%d9%8a%d9%88%d9%84%d9%8a%d9%88-2022.html,,,2210720687.jpg
https://www.alsoouq.com//uploads/2022/07/5669175042.jpg,2.0,عروض العثيم الأسبوعية تسري حتى 19 يوليو 2022 الموافق 20 ذو الحجة 1443 عروض التذكير باليوم الأخير,https://www.alsoouq.com/saudi-arabia-offers/offers-othaim/%d8%b9%d8%b1%d9%88%d8%b6-%d8%a7%d9%84%d8%b9%d8%ab%d9%8a%d9%85-%d8%a7%d9%84%d8%a3%d8%b3%d8%a8%d9%88%d8%b9%d9%8a%d8%a9-%d8%aa%d8%b3%d8%b1%d9%8a-%d8%ad%d8%aa%d9%89-19-%d9%8a%d9%88%d9%84%d9%8a%d9%88-2022.html,,,5669175042.jpg
https://www.alsoouq.com//uploads/2022/07/6739327109.jpg,2.0,عروض العثيم الأسبوعية تسري حتى 19 يوليو 2022 الموافق 20 ذو الحجة 1443 عروض التذكير باليوم الأخير,https://www.alsoouq.com/saudi-arabia-offers/offers-othaim/%d8%b9%d8%b1%d9%88%d8%b6-%d8%a7%d9%84%d8%b9%d8%ab%d9%8a%d9%85-%d8%a7%d9%84%d8%a3%d8%b3%d8%a8%d9%88%d8%b9%d9%8a%d8%a9-%d8%aa%d8%b3%d8%b1%d9%8a-%d8%ad%d8%aa%d9%89-19-%d9%8a%d9%88%d9%84%d9%8a%d9%88-2022.html,,,6739327109.jpg
https://www.alsoouq.com//uploads/2022/07/3805651674.jpg,2.0,عروض العثيم الأسبوعية تسري حتى 19 يوليو 2022 الموافق 20 ذو الحجة 1443 عروض التذكير باليوم الأخير,https://www.alsoouq.com/saudi-arabia-offers/offers-othaim/%d8%b9%d8%b1%d9%88%d8%b6-%d8%a7%d9%84%d8%b9%d8%ab%d9%8a%d9%85-%d8%a7%d9%84%d8%a3%d8%b3%d8%a8%d9%88%d8%b9%d9%8a%d8%a9-%d8%aa%d8%b3%d8%b1%d9%8a-%d8%ad%d8%aa%d9%89-19-%d9%8a%d9%88%d9%84%d9%8a%d9%88-2022.html,,,3805651674.jpg
https://www.alsoouq.com//uploads/2022/07/823728895.jpg,3.0,عروض العثيم الأسبوعية تسري حتى 19 يوليو 2022 الموافق 20 ذو الحجة 1443 عروض التذكير باليوم الأخير,https://www.alsoouq.com/saudi-arabia-offers/offers-othaim/%d8%b9%d8%b1%d9%88%d8%b6-%d8%a7%d9%84%d8%b9%d8%ab%d9%8a%d9%85-%d8%a7%d9%84%d8%a3%d8%b3%d8%a8%d9%88%d8%b9%d9%8a%d8%a9-%d8%aa%d8%b3%d8%b1%d9%8a-%d8%ad%d8%aa%d9%89-19-%d9%8a%d9%88%d9%84%d9%8a%d9%88-2022.html,,,823728895.jpg
https://www.alsoouq.com//uploads/2022/07/979816867.jpg,3.0,عروض العثيم الأسبوعية تسري حتى 19 يوليو 2022 الموافق 20 ذو الحجة 1443 عروض التذكير باليوم الأخير,https://www.alsoouq.com/saudi-arabia-offers/offers-othaim/%d8%b9%d8%b1%d9%88%d8%b6-%d8%a7%d9%84%d8%b9%d8%ab%d9%8a%d9%85-%d8%a7%d9%84%d8%a3%d8%b3%d8%a8%d9%88%d8%b9%d9%8a%d8%a9-%d8%aa%d8%b3%d8%b1%d9%8a-%d8%ad%d8%aa%d9%89-19-%d9%8a%d9%88%d9%84%d9%8a%d9%88-2022.html,,,979816867.jpg
https://www.alsoouq.com//uploads/2022/07/1311534398.jpg,3.0,عروض العثيم الأسبوعية تسري حتى 19 يوليو 2022 الموافق 20 ذو الحجة 1443 عروض التذكير باليوم الأخير,https://www.alsoouq.com/saudi-arabia-offers/offers-othaim/%d8%b9%d8%b1%d9%88%d8%b6-%d8%a7%d9%84%d8%b9%d8%ab%d9%8a%d9%85-%d8%a7%d9%84%d8%a3%d8%b3%d8%a8%d9%88%d8%b9%d9%8a%d8%a9-%d8%aa%d8%b3%d8%b1%d9%8a-%d8%ad%d8%aa%d9%89-19-%d9%8a%d9%88%d9%84%d9%8a%d9%88-2022.html,,,1311534398.jpg
https://www.alsoouq.com//uploads/2022/07/9617437926.jpg,3.0,عروض العثيم الأسبوعية تسري حتى 19 يوليو 2022 الموافق 20 ذو الحجة 1443 عروض التذكير باليوم الأخير,https://www.alsoouq.com/saudi-arabia-offers/offers-othaim/%d8%b9%d8%b1%d9%88%d8%b6-%d8%a7%d9%84%d8%b9%d8%ab%d9%8a%d9%85-%d8%a7%d9%84%d8%a3%d8%b3%d8%a8%d9%88%d8%b9%d9%8a%d8%a9-%d8%aa%d8%b3%d8%b1%d9%8a-%d8%ad%d8%aa%d9%89-19-%d9%8a%d9%88%d9%84%d9%8a%d9%88-2022.html,,,9617437926.jpg
https://www.alsoouq.com//uploads/2022/07/554781131.jpg,4.0,عروض العثيم الأسبوعية تسري حتى 19 يوليو 2022 الموافق 20 ذو الحجة 1443 عروض التذكير باليوم الأخير,https://www.alsoouq.com/saudi-arabia-offers/offers-othaim/%d8%b9%d8%b1%d9%88%d8%b6-%d8%a7%d9%84%d8%b9%d8%ab%d9%8a%d9%85-%d8%a7%d9%84%d8%a3%d8%b3%d8%a8%d9%88%d8%b9%d9%8a%d8%a9-%d8%aa%d8%b3%d8%b1%d9%8a-%d8%ad%d8%aa%d9%89-19-%d9%8a%d9%88%d9%84%d9%8a%d9%88-2022.html,,,554781131.jpg
https://www.alsoouq.com//uploads/2022/07/1711225927.jpg,4.0,عروض العثيم الأسبوعية تسري حتى 19 يوليو 2022 الموافق 20 ذو الحجة 1443 عروض التذكير باليوم الأخير,https://www.alsoouq.com/saudi-arabia-offers/offers-othaim/%d8%b9%d8%b1%d9%88%d8%b6-%d8%a7%d9%84%d8%b9%d8%ab%d9%8a%d9%85-%d8%a7%d9%84%d8%a3%d8%b3%d8%a8%d9%88%d8%b9%d9%8a%d8%a9-%d8%aa%d8%b3%d8%b1%d9%8a-%d8%ad%d8%aa%d9%89-19-%d9%8a%d9%88%d9%84%d9%8a%d9%88-2022.html,,,1711225927.jpg
https://www.alsoouq.com//uploads/2022/07/3958254384.jpg,4.0,عروض العثيم الأسبوعية تسري حتى 19 يوليو 2022 الموافق 20 ذو الحجة 1443 عروض التذكير باليوم الأخير,https://www.alsoouq.com/saudi-arabia-offers/offers-othaim/%d8%b9%d8%b1%d9%88%d8%b6-%d8%a7%d9%84%d8%b9%d8%ab%d9%8a%d9%85-%d8%a7%d9%84%d8%a3%d8%b3%d8%a8%d9%88%d8%b9%d9%8a%d8%a9-%d8%aa%d8%b3%d8%b1%d9%8a-%d8%ad%d8%aa%d9%89-19-%d9%8a%d9%88%d9%84%d9%8a%d9%88-2022.html,,,3958254384.jpg
https://www.alsoouq.com//uploads/2022/07/1370933257.jpg,4.0,عروض العثيم الأسبوعية تسري حتى 19 يوليو 2022 الموافق 20 ذو الحجة 1443 عروض التذكير باليوم الأخير,https://www.alsoouq.com/saudi-arabia-offers/offers-othaim/%d8%b9%d8%b1%d9%88%d8%b6-%d8%a7%d9%84%d8%b9%d8%ab%d9%8a%d9%85-%d8%a7%d9%84%d8%a3%d8%b3%d8%a8%d9%88%d8%b9%d9%8a%d8%a9-%d8%aa%d8%b3%d8%b1%d9%8a-%d8%ad%d8%aa%d9%89-19-%d9%8a%d9%88%d9%84%d9%8a%d9%88-2022.html,,,1370933257.jpg
https://www.alsoouq.com//uploads/2022/07/294084612.jpg,5.0,عروض العثيم الأسبوعية تسري حتى 19 يوليو 2022 الموافق 20 ذو الحجة 1443 عروض التذكير باليوم الأخير,https://www.alsoouq.com/saudi-arabia-offers/offers-othaim/%d8%b9%d8%b1%d9%88%d8%b6-%d8%a7%d9%84%d8%b9%d8%ab%d9%8a%d9%85-%d8%a7%d9%84%d8%a3%d8%b3%d8%a8%d9%88%d8%b9%d9%8a%d8%a9-%d8%aa%d8%b3%d8%b1%d9%8a-%d8%ad%d8%aa%d9%89-19-%d9%8a%d9%88%d9%84%d9%8a%d9%88-2022.html,,,294084612.jpg
https://www.alsoouq.com//uploads/2022/07/2420658320.jpg,5.0,عروض العثيم الأسبوعية تسري حتى 19 يوليو 2022 الموافق 20 ذو الحجة 1443 عروض التذكير باليوم الأخير,https://www.alsoouq.com/saudi-arabia-offers/offers-othaim/%d8%b9%d8%b1%d9%88%d8%b6-%d8%a7%d9%84%d8%b9%d8%ab%d9%8a%d9%85-%d8%a7%d9%84%d8%a3%d8%b3%d8%a8%d9%88%d8%b9%d9%8a%d8%a9-%d8%aa%d8%b3%d8%b1%d9%8a-%d8%ad%d8%aa%d9%89-19-%d9%8a%d9%88%d9%84%d9%8a%d9%88-2022.html,,,2420658320.jpg
https://www.alsoouq.com//uploads/2022/07/6921188456.jpg,5.0,عروض العثيم الأسبوعية تسري حتى 19 يوليو 2022 الموافق 20 ذو الحجة 1443 عروض التذكير باليوم الأخير,https://www.alsoouq.com/saudi-arabia-offers/offers-othaim/%d8%b9%d8%b1%d9%88%d8%b6-%d8%a7%d9%84%d8%b9%d8%ab%d9%8a%d9%85-%d8%a7%d9%84%d8%a3%d8%b3%d8%a8%d9%88%d8%b9%d9%8a%d8%a9-%d8%aa%d8%b3%d8%b1%d9%8a-%d8%ad%d8%aa%d9%89-19-%d9%8a%d9%88%d9%84%d9%8a%d9%88-2022.html,,,6921188456.jpg
https://www.alsoouq.com//uploads/2022/07/249584431.jpg,5.0,عروض العثيم الأسبوعية تسري حتى 19 يوليو 2022 الموافق 20 ذو الحجة 1443 عروض التذكير باليوم الأخير,https://www.alsoouq.com/saudi-arabia-offers/offers-othaim/%d8%b9%d8%b1%d9%88%d8%b6-%d8%a7%d9%84%d8%b9%d8%ab%d9%8a%d9%85-%d8%a7%d9%84%d8%a3%d8%b3%d8%a8%d9%88%d8%b9%d9%8a%d8%a9-%d8%aa%d8%b3%d8%b1%d9%8a-%d8%ad%d8%aa%d9%89-19-%d9%8a%d9%88%d9%84%d9%8a%d9%88-2022.html,,,249584431.jpg
https://www.alsoouq.com//uploads/2022/07/6346887139.jpg,5.0,عروض العثيم الأسبوعية تسري حتى 19 يوليو 2022 الموافق 20 ذو الحجة 1443 عروض التذكير باليوم الأخير,https://www.alsoouq.com/saudi-arabia-offers/offers-othaim/%d8%b9%d8%b1%d9%88%d8%b6-%d8%a7%d9%84%d8%b9%d8%ab%d9%8a%d9%85-%d8%a7%d9%84%d8%a3%d8%b3%d8%a8%d9%88%d8%b9%d9%8a%d8%a9-%d8%aa%d8%b3%d8%b1%d9%8a-%d8%ad%d8%aa%d9%89-19-%d9%8a%d9%88%d9%84%d9%8a%d9%88-2022.html,,,6346887139.jpg
https://www.alsoouq.com//uploads/2022/07/6942360856.jpg,5.0,عروض العثيم الأسبوعية تسري حتى 19 يوليو 2022 الموافق 20 ذو الحجة 1443 عروض التذكير باليوم الأخير,https://www.alsoouq.com/saudi-arabia-offers/offers-othaim/%d8%b9%d8%b1%d9%88%d8%b6-%d8%a7%d9%84%d8%b9%d8%ab%d9%8a%d9%85-%d8%a7%d9%84%d8%a3%d8%b3%d8%a8%d9%88%d8%b9%d9%8a%d8%a9-%d8%aa%d8%b3%d8%b1%d9%8a-%d8%ad%d8%aa%d9%89-19-%d9%8a%d9%88%d9%84%d9%8a%d9%88-2022.html,,,6942360856.jpg
https://www.alsoouq.com//uploads/2022/07/4668496676.jpg,5.0,عروض العثيم الأسبوعية تسري حتى 19 يوليو 2022 الموافق 20 ذو الحجة 1443 عروض التذكير باليوم الأخير,https://www.alsoouq.com/saudi-arabia-offers/offers-othaim/%d8%b9%d8%b1%d9%88%d8%b6-%d8%a7%d9%84%d8%b9%d8%ab%d9%8a%d9%85-%d8%a7%d9%84%d8%a3%d8%b3%d8%a8%d9%88%d8%b9%d9%8a%d8%a9-%d8%aa%d8%b3%d8%b1%d9%8a-%d8%ad%d8%aa%d9%89-19-%d9%8a%d9%88%d9%84%d9%8a%d9%88-2022.html,,,4668496676.jpg
https://www.alsoouq.com//uploads/2022/07/7477848675.jpg,5.0,عروض العثيم الأسبوعية تسري حتى 19 يوليو 2022 الموافق 20 ذو الحجة 1443 عروض التذكير باليوم الأخير,https://www.alsoouq.com/saudi-arabia-offers/offers-othaim/%d8%b9%d8%b1%d9%88%d8%b6-%d8%a7%d9%84%d8%b9%d8%ab%d9%8a%d9%85-%d8%a7%d9%84%d8%a3%d8%b3%d8%a8%d9%88%d8%b9%d9%8a%d8%a9-%d8%aa%d8%b3%d8%b1%d9%8a-%d8%ad%d8%aa%d9%89-19-%d9%8a%d9%88%d9%84%d9%8a%d9%88-2022.html,,,7477848675.jpg
https://www.alsoouq.com//uploads/2022/07/3835060402.jpg,6.0,عروض العثيم الأسبوعية تسري حتى 19 يوليو 2022 الموافق 20 ذو الحجة 1443 عروض التذكير باليوم الأخير,https://www.alsoouq.com/saudi-arabia-offers/offers-othaim/%d8%b9%d8%b1%d9%88%d8%b6-%d8%a7%d9%84%d8%b9%d8%ab%d9%8a%d9%85-%d8%a7%d9%84%d8%a3%d8%b3%d8%a8%d9%88%d8%b9%d9%8a%d8%a9-%d8%aa%d8%b3%d8%b1%d9%8a-%d8%ad%d8%aa%d9%89-19-%d9%8a%d9%88%d9%84%d9%8a%d9%88-2022.html,,,3835060402.jpg
https://www.alsoouq.com//uploads/2022/07/9657984676.jpg,6.0,عروض العثيم الأسبوعية تسري حتى 19 يوليو 2022 الموافق 20 ذو الحجة 1443 عروض التذكير باليوم الأخير,https://www.alsoouq.com/saudi-arabia-offers/offers-othaim/%d8%b9%d8%b1%d9%88%d8%b6-%d8%a7%d9%84%d8%b9%d8%ab%d9%8a%d9%85-%d8%a7%d9%84%d8%a3%d8%b3%d8%a8%d9%88%d8%b9%d9%8a%d8%a9-%d8%aa%d8%b3%d8%b1%d9%8a-%d8%ad%d8%aa%d9%89-19-%d9%8a%d9%88%d9%84%d9%8a%d9%88-2022.html,,,9657984676.jpg
https://www.alsoouq.com//uploads/2022/07/9404603447.jpg,6.0,عروض العثيم الأسبوعية تسري حتى 19 يوليو 2022 الموافق 20 ذو الحجة 1443 عروض التذكير باليوم الأخير,https://www.alsoouq.com/saudi-arabia-offers/offers-othaim/%d8%b9%d8%b1%d9%88%d8%b6-%d8%a7%d9%84%d8%b9%d8%ab%d9%8a%d9%85-%d8%a7%d9%84%d8%a3%d8%b3%d8%a8%d9%88%d8%b9%d9%8a%d8%a9-%d8%aa%d8%b3%d8%b1%d9%8a-%d8%ad%d8%aa%d9%89-19-%d9%8a%d9%88%d9%84%d9%8a%d9%88-2022.html,,,9404603447.jpg
https://www.alsoouq.com//uploads/2022/07/8188234708.jpg,6.0,عروض العثيم الأسبوعية تسري حتى 19 يوليو 2022 الموافق 20 ذو الحجة 1443 عروض التذكير باليوم الأخير,https://www.alsoouq.com/saudi-arabia-offers/offers-othaim/%d8%b9%d8%b1%d9%88%d8%b6-%d8%a7%d9%84%d8%b9%d8%ab%d9%8a%d9%85-%d8%a7%d9%84%d8%a3%d8%b3%d8%a8%d9%88%d8%b9%d9%8a%d8%a9-%d8%aa%d8%b3%d8%b1%d9%8a-%d8%ad%d8%aa%d9%89-19-%d9%8a%d9%88%d9%84%d9%8a%d9%88-2022.html,,,8188234708.jpg
https://www.alsoouq.com//uploads/2022/07/3236647269.JPEG,1.0,عروض العثيم اليوم الاثنين 18\7\2022 الموافق 19\12\1443 مهرجان الطازج & كيلو عليك وكيلو علينا,https://www.alsoouq.com/saudi-arabia-offers/offers-othaim/%d8%b9%d8%b1%d9%88%d8%b6-%d8%a7%d9%84%d8%b9%d8%ab%d9%8a%d9%85-%d8%a7%d9%84%d9%8a%d9%88%d9%85-%d8%a7%d9%84%d8%a7%d8%ab%d9%86%d9%8a%d9%86-1872022-%d8%a7%d9%84%d9%85%d9%88%d8%a7%d9%81%d9%82-19121.html,,,3236647269.JPEG
https://www.alsoouq.com//uploads/2022/07/1635260824.JPEG,1.0,عروض العثيم اليوم الاثنين 18\7\2022 الموافق 19\12\1443 مهرجان الطازج & كيلو عليك وكيلو علينا,https://www.alsoouq.com/saudi-arabia-offers/offers-othaim/%d8%b9%d8%b1%d9%88%d8%b6-%d8%a7%d9%84%d8%b9%d8%ab%d9%8a%d9%85-%d8%a7%d9%84%d9%8a%d9%88%d9%85-%d8%a7%d9%84%d8%a7%d8%ab%d9%86%d9%8a%d9%86-1872022-%d8%a7%d9%84%d9%85%d9%88%d8%a7%d9%81%d9%82-19121.html,,,1635260824.JPEG
https://www.alsoouq.com//uploads/2022/07/4097693685.JPEG,1.0,عروض العثيم اليوم الاثنين 18\7\2022 الموافق 19\12\1443 مهرجان الطازج & كيلو عليك وكيلو علينا,https://www.alsoouq.com/saudi-arabia-offers/offers-othaim/%d8%b9%d8%b1%d9%88%d8%b6-%d8%a7%d9%84%d8%b9%d8%ab%d9%8a%d9%85-%d8%a7%d9%84%d9%8a%d9%88%d9%85-%d8%a7%d9%84%d8%a7%d8%ab%d9%86%d9%8a%d9%86-1872022-%d8%a7%d9%84%d9%85%d9%88%d8%a7%d9%81%d9%82-19121.html,,,4097693685.JPEG
https://www.alsoouq.com//uploads/2022/07/7108418647.JPEG,1.0,عروض العثيم اليوم الاثنين 18\7\2022 الموافق 19\12\1443 مهرجان الطازج & كيلو عليك وكيلو علينا,https://www.alsoouq.com/saudi-arabia-offers/offers-othaim/%d8%b9%d8%b1%d9%88%d8%b6-%d8%a7%d9%84%d8%b9%d8%ab%d9%8a%d9%85-%d8%a7%d9%84%d9%8a%d9%88%d9%85-%d8%a7%d9%84%d8%a7%d8%ab%d9%86%d9%8a%d9%86-1872022-%d8%a7%d9%84%d9%85%d9%88%d8%a7%d9%81%d9%82-19121.html,,,7108418647.JPEG
https://www.alsoouq.com//uploads/2022/07/2939893802.JPEG,2.0,عروض العثيم اليوم الاثنين 18\7\2022 الموافق 19\12\1443 مهرجان الطازج & كيلو عليك وكيلو علينا,https://www.alsoouq.com/saudi-arabia-offers/offers-othaim/%d8%b9%d8%b1%d9%88%d8%b6-%d8%a7%d9%84%d8%b9%d8%ab%d9%8a%d9%85-%d8%a7%d9%84%d9%8a%d9%88%d9%85-%d8%a7%d9%84%d8%a7%d8%ab%d9%86%d9%8a%d9%86-1872022-%d8%a7%d9%84%d9%85%d9%88%d8%a7%d9%81%d9%82-19121.html,,,2939893802.JPEG
https://www.alsoouq.com//uploads/2022/07/6353795712.JPEG,2.0,عروض العثيم اليوم الاثنين 18\7\2022 الموافق 19\12\1443 مهرجان الطازج & كيلو عليك وكيلو علينا,https://www.alsoouq.com/saudi-arabia-offers/offers-othaim/%d8%b9%d8%b1%d9%88%d8%b6-%d8%a7%d9%84%d8%b9%d8%ab%d9%8a%d9%85-%d8%a7%d9%84%d9%8a%d9%88%d9%85-%d8%a7%d9%84%d8%a7%d8%ab%d9%86%d9%8a%d9%86-1872022-%d8%a7%d9%84%d9%85%d9%88%d8%a7%d9%81%d9%82-19121.html,,,6353795712.JPEG
https://www.alsoouq.com//uploads/2022/07/3566519631.JPEG,2.0,عروض العثيم اليوم الاثنين 18\7\2022 الموافق 19\12\1443 مهرجان الطازج & كيلو عليك وكيلو علينا,https://www.alsoouq.com/saudi-arabia-offers/offers-othaim/%d8%b9%d8%b1%d9%88%d8%b6-%d8%a7%d9%84%d8%b9%d8%ab%d9%8a%d9%85-%d8%a7%d9%84%d9%8a%d9%88%d9%85-%d8%a7%d9%84%d8%a7%d8%ab%d9%86%d9%8a%d9%86-1872022-%d8%a7%d9%84%d9%85%d9%88%d8%a7%d9%81%d9%82-19121.html,,,3566519631.JPEG
https://www.alsoouq.com//uploads/2022/07/7901599612.jpg,1.0,عروض العثيم الويكند 7\7\2022 الموافق 8\12\1443 عروض لمدة 3 أيام  & فرحة العيد بعروضنا تزيد ￼,https://www.alsoouq.com/saudi-arabia-offers/offers-othaim/%d8%b9%d8%b1%d9%88%d8%b6-%d8%a7%d9%84%d8%b9%d8%ab%d9%8a%d9%85-%d8%a7%d9%84%d9%88%d9%8a%d9%83%d9%86%d8%af-772022-%d8%a7%d9%84%d9%85%d9%88%d8%a7%d9%81%d9%82-8121443-%d8%b9%d8%b1%d9%88%d8%b6.html,,,7901599612.jpg
https://www.alsoouq.com//uploads/2022/07/1216725337.jpg,1.0,عروض العثيم الويكند 7\7\2022 الموافق 8\12\1443 عروض لمدة 3 أيام  & فرحة العيد بعروضنا تزيد ￼,https://www.alsoouq.com/saudi-arabia-offers/offers-othaim/%d8%b9%d8%b1%d9%88%d8%b6-%d8%a7%d9%84%d8%b9%d8%ab%d9%8a%d9%85-%d8%a7%d9%84%d9%88%d9%8a%d9%83%d9%86%d8%af-772022-%d8%a7%d9%84%d9%85%d9%88%d8%a7%d9%81%d9%82-8121443-%d8%b9%d8%b1%d9%88%d8%b6.html,,,1216725337.jpg
https://www.alsoouq.com//uploads/2022/07/3916402256.jpg,1.0,عروض العثيم الويكند 7\7\2022 الموافق 8\12\1443 عروض لمدة 3 أيام  & فرحة العيد بعروضنا تزيد ￼,https://www.alsoouq.com/saudi-arabia-offers/offers-othaim/%d8%b9%d8%b1%d9%88%d8%b6-%d8%a7%d9%84%d8%b9%d8%ab%d9%8a%d9%85-%d8%a7%d9%84%d9%88%d9%8a%d9%83%d9%86%d8%af-772022-%d8%a7%d9%84%d9%85%d9%88%d8%a7%d9%81%d9%82-8121443-%d8%b9%d8%b1%d9%88%d8%b6.html,,,3916402256.jpg
https://www.alsoouq.com//uploads/2022/07/7789166678.jpg,1.0,عروض العثيم الويكند 7\7\2022 الموافق 8\12\1443 عروض لمدة 3 أيام  & فرحة العيد بعروضنا تزيد ￼,https://www.alsoouq.com/saudi-arabia-offers/offers-othaim/%d8%b9%d8%b1%d9%88%d8%b6-%d8%a7%d9%84%d8%b9%d8%ab%d9%8a%d9%85-%d8%a7%d9%84%d9%88%d9%8a%d9%83%d9%86%d8%af-772022-%d8%a7%d9%84%d9%85%d9%88%d8%a7%d9%81%d9%82-8121443-%d8%b9%d8%b1%d9%88%d8%b6.html,,,7789166678.jpg
https://www.alsoouq.com//uploads/2022/07/9125722237.jpg,1.0,عروض العثيم الاسبوعية 6 يوليو 2022 الموافق 7 ذو الحجة 1443 عروض الصحة و الجمال,https://www.alsoouq.com/saudi-arabia-offers/offers-othaim/%d8%b9%d8%b1%d9%88%d8%b6-%d8%a7%d9%84%d8%b9%d8%ab%d9%8a%d9%85-%d8%a7%d9%84%d8%a7%d8%b3%d8%a8%d9%88%d8%b9%d9%8a%d8%a9-6-%d9%8a%d9%88%d9%84%d9%8a%d9%88-2022-%d8%a7%d9%84%d9%85%d9%88%d8%a7%d9%81%d9%82-7.html,,,9125722237.jpg
https://www.alsoouq.com//uploads/2022/07/5932451999.jpg,1.0,عروض العثيم الاسبوعية 6 يوليو 2022 الموافق 7 ذو الحجة 1443 عروض الصحة و الجمال,https://www.alsoouq.com/saudi-arabia-offers/offers-othaim/%d8%b9%d8%b1%d9%88%d8%b6-%d8%a7%d9%84%d8%b9%d8%ab%d9%8a%d9%85-%d8%a7%d9%84%d8%a7%d8%b3%d8%a8%d9%88%d8%b9%d9%8a%d8%a9-6-%d9%8a%d9%88%d9%84%d9%8a%d9%88-2022-%d8%a7%d9%84%d9%85%d9%88%d8%a7%d9%81%d9%82-7.html,,,5932451999.jpg
https://www.alsoouq.com//uploads/2022/07/2329017488.jpg,1.0,عروض العثيم الاسبوعية 6 يوليو 2022 الموافق 7 ذو الحجة 1443 عروض الصحة و الجمال,https://www.alsoouq.com/saudi-arabia-offers/offers-othaim/%d8%b9%d8%b1%d9%88%d8%b6-%d8%a7%d9%84%d8%b9%d8%ab%d9%8a%d9%85-%d8%a7%d9%84%d8%a7%d8%b3%d8%a8%d9%88%d8%b9%d9%8a%d8%a9-6-%d9%8a%d9%88%d9%84%d9%8a%d9%88-2022-%d8%a7%d9%84%d9%85%d9%88%d8%a7%d9%81%d9%82-7.html,,,2329017488.jpg
https://www.alsoouq.com//uploads/2022/07/5221260029.jpg,1.0,عروض العثيم الاسبوعية 6 يوليو 2022 الموافق 7 ذو الحجة 1443 عروض الصحة و الجمال,https://www.alsoouq.com/saudi-arabia-offers/offers-othaim/%d8%b9%d8%b1%d9%88%d8%b6-%d8%a7%d9%84%d8%b9%d8%ab%d9%8a%d9%85-%d8%a7%d9%84%d8%a7%d8%b3%d8%a8%d9%88%d8%b9%d9%8a%d8%a9-6-%d9%8a%d9%88%d9%84%d9%8a%d9%88-2022-%d8%a7%d9%84%d9%85%d9%88%d8%a7%d9%81%d9%82-7.html,,,5221260029.jpg
https://www.alsoouq.com//uploads/2022/07/5233397837.jpg,2.0,عروض العثيم الاسبوعية 6 يوليو 2022 الموافق 7 ذو الحجة 1443 عروض الصحة و الجمال,https://www.alsoouq.com/saudi-arabia-offers/offers-othaim/%d8%b9%d8%b1%d9%88%d8%b6-%d8%a7%d9%84%d8%b9%d8%ab%d9%8a%d9%85-%d8%a7%d9%84%d8%a7%d8%b3%d8%a8%d9%88%d8%b9%d9%8a%d8%a9-6-%d9%8a%d9%88%d9%84%d9%8a%d9%88-2022-%d8%a7%d9%84%d9%85%d9%88%d8%a7%d9%81%d9%82-7.html,,,5233397837.jpg
https://www.alsoouq.com//uploads/2022/07/1086788766.jpg,2.0,عروض العثيم الاسبوعية 6 يوليو 2022 الموافق 7 ذو الحجة 1443 عروض الصحة و الجمال,https://www.alsoouq.com/saudi-arabia-offers/offers-othaim/%d8%b9%d8%b1%d9%88%d8%b6-%d8%a7%d9%84%d8%b9%d8%ab%d9%8a%d9%85-%d8%a7%d9%84%d8%a7%d8%b3%d8%a8%d9%88%d8%b9%d9%8a%d8%a9-6-%d9%8a%d9%88%d9%84%d9%8a%d9%88-2022-%d8%a7%d9%84%d9%85%d9%88%d8%a7%d9%81%d9%82-7.html,,,1086788766.jpg
https://www.alsoouq.com//uploads/2022/07/9980533823.jpg,2.0,عروض العثيم الاسبوعية 6 يوليو 2022 الموافق 7 ذو الحجة 1443 عروض الصحة و الجمال,https://www.alsoouq.com/saudi-arabia-offers/offers-othaim/%d8%b9%d8%b1%d9%88%d8%b6-%d8%a7%d9%84%d8%b9%d8%ab%d9%8a%d9%85-%d8%a7%d9%84%d8%a7%d8%b3%d8%a8%d9%88%d8%b9%d9%8a%d8%a9-6-%d9%8a%d9%88%d9%84%d9%8a%d9%88-2022-%d8%a7%d9%84%d9%85%d9%88%d8%a7%d9%81%d9%82-7.html,,,9980533823.jpg
https://www.alsoouq.com//uploads/2022/07/6715363134.jpg,2.0,عروض العثيم الاسبوعية 6 يوليو 2022 الموافق 7 ذو الحجة 1443 عروض الصحة و الجمال,https://www.alsoouq.com/saudi-arabia-offers/offers-othaim/%d8%b9%d8%b1%d9%88%d8%b6-%d8%a7%d9%84%d8%b9%d8%ab%d9%8a%d9%85-%d8%a7%d9%84%d8%a7%d8%b3%d8%a8%d9%88%d8%b9%d9%8a%d8%a9-6-%d9%8a%d9%88%d9%84%d9%8a%d9%88-2022-%d8%a7%d9%84%d9%85%d9%88%d8%a7%d9%81%d9%82-7.html,,,6715363134.jpg
https://www.alsoouq.com//uploads/2022/07/8157716048.jpg,3.0,عروض العثيم الاسبوعية 6 يوليو 2022 الموافق 7 ذو الحجة 1443 عروض الصحة و الجمال,https://www.alsoouq.com/saudi-arabia-offers/offers-othaim/%d8%b9%d8%b1%d9%88%d8%b6-%d8%a7%d9%84%d8%b9%d8%ab%d9%8a%d9%85-%d8%a7%d9%84%d8%a7%d8%b3%d8%a8%d9%88%d8%b9%d9%8a%d8%a9-6-%d9%8a%d9%88%d9%84%d9%8a%d9%88-2022-%d8%a7%d9%84%d9%85%d9%88%d8%a7%d9%81%d9%82-7.html,,,8157716048.jpg
https://www.alsoouq.com//uploads/2022/07/8403297678.jpg,3.0,عروض العثيم الاسبوعية 6 يوليو 2022 الموافق 7 ذو الحجة 1443 عروض الصحة و الجمال,https://www.alsoouq.com/saudi-arabia-offers/offers-othaim/%d8%b9%d8%b1%d9%88%d8%b6-%d8%a7%d9%84%d8%b9%d8%ab%d9%8a%d9%85-%d8%a7%d9%84%d8%a7%d8%b3%d8%a8%d9%88%d8%b9%d9%8a%d8%a9-6-%d9%8a%d9%88%d9%84%d9%8a%d9%88-2022-%d8%a7%d9%84%d9%85%d9%88%d8%a7%d9%81%d9%82-7.html,,,8403297678.jpg
https://www.alsoouq.com//uploads/2022/07/6762492728.jpg,3.0,عروض العثيم الاسبوعية 6 يوليو 2022 الموافق 7 ذو الحجة 1443 عروض الصحة و الجمال,https://www.alsoouq.com/saudi-arabia-offers/offers-othaim/%d8%b9%d8%b1%d9%88%d8%b6-%d8%a7%d9%84%d8%b9%d8%ab%d9%8a%d9%85-%d8%a7%d9%84%d8%a7%d8%b3%d8%a8%d9%88%d8%b9%d9%8a%d8%a9-6-%d9%8a%d9%88%d9%84%d9%8a%d9%88-2022-%d8%a7%d9%84%d9%85%d9%88%d8%a7%d9%81%d9%82-7.html,,,6762492728.jpg
https://www.alsoouq.com//uploads/2022/07/9813616885.jpg,3.0,عروض العثيم الاسبوعية 6 يوليو 2022 الموافق 7 ذو الحجة 1443 عروض الصحة و الجمال,https://www.alsoouq.com/saudi-arabia-offers/offers-othaim/%d8%b9%d8%b1%d9%88%d8%b6-%d8%a7%d9%84%d8%b9%d8%ab%d9%8a%d9%85-%d8%a7%d9%84%d8%a7%d8%b3%d8%a8%d9%88%d8%b9%d9%8a%d8%a9-6-%d9%8a%d9%88%d9%84%d9%8a%d9%88-2022-%d8%a7%d9%84%d9%85%d9%88%d8%a7%d9%81%d9%82-7.html,,,9813616885.jpg
https://www.alsoouq.com//uploads/2022/06/4408569623.JPEG,1.0,عروض العثيم الأسبوعية تسري حتى 5-يوليو-2022 الموافق 6-ذو الحجة-1443 لاتفوتكم عروض اليوم الأخير,https://www.alsoouq.com/saudi-arabia-offers/offers-othaim/%d8%b9%d8%b1%d9%88%d8%b6-%d8%a7%d9%84%d8%b9%d8%ab%d9%8a%d9%85-%d8%a7%d9%84%d8%a3%d8%b3%d8%a8%d9%88%d8%b9%d9%8a%d8%a9-%d8%aa%d8%b3%d8%b1%d9%8a-%d8%ad%d8%aa%d9%89-5-%d9%8a%d9%88%d9%84%d9%8a%d9%88-2022.html,,,4408569623.JPEG
https://www.alsoouq.com//uploads/2022/06/1381381306.JPEG,1.0,عروض العثيم الأسبوعية تسري حتى 5-يوليو-2022 الموافق 6-ذو الحجة-1443 لاتفوتكم عروض اليوم الأخير,https://www.alsoouq.com/saudi-arabia-offers/offers-othaim/%d8%b9%d8%b1%d9%88%d8%b6-%d8%a7%d9%84%d8%b9%d8%ab%d9%8a%d9%85-%d8%a7%d9%84%d8%a3%d8%b3%d8%a8%d9%88%d8%b9%d9%8a%d8%a9-%d8%aa%d8%b3%d8%b1%d9%8a-%d8%ad%d8%aa%d9%89-5-%d9%8a%d9%88%d9%84%d9%8a%d9%88-2022.html,,,1381381306.JPEG
https://www.alsoouq.com//uploads/2022/06/1324128148.JPEG,1.0,عروض العثيم الأسبوعية تسري حتى 5-يوليو-2022 الموافق 6-ذو الحجة-1443 لاتفوتكم عروض اليوم الأخير,https://www.alsoouq.com/saudi-arabia-offers/offers-othaim/%d8%b9%d8%b1%d9%88%d8%b6-%d8%a7%d9%84%d8%b9%d8%ab%d9%8a%d9%85-%d8%a7%d9%84%d8%a3%d8%b3%d8%a8%d9%88%d8%b9%d9%8a%d8%a9-%d8%aa%d8%b3%d8%b1%d9%8a-%d8%ad%d8%aa%d9%89-5-%d9%8a%d9%88%d9%84%d9%8a%d9%88-2022.html,,,1324128148.JPEG
https://www.alsoouq.com//uploads/2022/06/4692973005.JPEG,1.0,عروض العثيم الأسبوعية تسري حتى 5-يوليو-2022 الموافق 6-ذو الحجة-1443 لاتفوتكم عروض اليوم الأخير,https://www.alsoouq.com/saudi-arabia-offers/offers-othaim/%d8%b9%d8%b1%d9%88%d8%b6-%d8%a7%d9%84%d8%b9%d8%ab%d9%8a%d9%85-%d8%a7%d9%84%d8%a3%d8%b3%d8%a8%d9%88%d8%b9%d9%8a%d8%a9-%d8%aa%d8%b3%d8%b1%d9%8a-%d8%ad%d8%aa%d9%89-5-%d9%8a%d9%88%d9%84%d9%8a%d9%88-2022.html,,,4692973005.JPEG
https://www.alsoouq.com//uploads/2022/06/5060058014.JPEG,2.0,عروض العثيم الأسبوعية تسري حتى 5-يوليو-2022 الموافق 6-ذو الحجة-1443 لاتفوتكم عروض اليوم الأخير,https://www.alsoouq.com/saudi-arabia-offers/offers-othaim/%d8%b9%d8%b1%d9%88%d8%b6-%d8%a7%d9%84%d8%b9%d8%ab%d9%8a%d9%85-%d8%a7%d9%84%d8%a3%d8%b3%d8%a8%d9%88%d8%b9%d9%8a%d8%a9-%d8%aa%d8%b3%d8%b1%d9%8a-%d8%ad%d8%aa%d9%89-5-%d9%8a%d9%88%d9%84%d9%8a%d9%88-2022.html,,,5060058014.JPEG
https://www.alsoouq.com//uploads/2022/06/5811637731.JPEG,2.0,عروض العثيم الأسبوعية تسري حتى 5-يوليو-2022 الموافق 6-ذو الحجة-1443 لاتفوتكم عروض اليوم الأخير,https://www.alsoouq.com/saudi-arabia-offers/offers-othaim/%d8%b9%d8%b1%d9%88%d8%b6-%d8%a7%d9%84%d8%b9%d8%ab%d9%8a%d9%85-%d8%a7%d9%84%d8%a3%d8%b3%d8%a8%d9%88%d8%b9%d9%8a%d8%a9-%d8%aa%d8%b3%d8%b1%d9%8a-%d8%ad%d8%aa%d9%89-5-%d9%8a%d9%88%d9%84%d9%8a%d9%88-2022.html,,,5811637731.JPEG
https://www.alsoouq.com//uploads/2022/06/1702038178.JPEG,2.0,عروض العثيم الأسبوعية تسري حتى 5-يوليو-2022 الموافق 6-ذو الحجة-1443 لاتفوتكم عروض اليوم الأخير,https://www.alsoouq.com/saudi-arabia-offers/offers-othaim/%d8%b9%d8%b1%d9%88%d8%b6-%d8%a7%d9%84%d8%b9%d8%ab%d9%8a%d9%85-%d8%a7%d9%84%d8%a3%d8%b3%d8%a8%d9%88%d8%b9%d9%8a%d8%a9-%d8%aa%d8%b3%d8%b1%d9%8a-%d8%ad%d8%aa%d9%89-5-%d9%8a%d9%88%d9%84%d9%8a%d9%88-2022.html,,,1702038178.JPEG
https://www.alsoouq.com//uploads/2022/06/4595125724.JPEG,2.0,عروض العثيم الأسبوعية تسري حتى 5-يوليو-2022 الموافق 6-ذو الحجة-1443 لاتفوتكم عروض اليوم الأخير,https://www.alsoouq.com/saudi-arabia-offers/offers-othaim/%d8%b9%d8%b1%d9%88%d8%b6-%d8%a7%d9%84%d8%b9%d8%ab%d9%8a%d9%85-%d8%a7%d9%84%d8%a3%d8%b3%d8%a8%d9%88%d8%b9%d9%8a%d8%a9-%d8%aa%d8%b3%d8%b1%d9%8a-%d8%ad%d8%aa%d9%89-5-%d9%8a%d9%88%d9%84%d9%8a%d9%88-2022.html,,,4595125724.JPEG
https://www.alsoouq.com//uploads/2022/06/1865288618.JPEG,3.0,عروض العثيم الأسبوعية تسري حتى 5-يوليو-2022 الموافق 6-ذو الحجة-1443 لاتفوتكم عروض اليوم الأخير,https://www.alsoouq.com/saudi-arabia-offers/offers-othaim/%d8%b9%d8%b1%d9%88%d8%b6-%d8%a7%d9%84%d8%b9%d8%ab%d9%8a%d9%85-%d8%a7%d9%84%d8%a3%d8%b3%d8%a8%d9%88%d8%b9%d9%8a%d8%a9-%d8%aa%d8%b3%d8%b1%d9%8a-%d8%ad%d8%aa%d9%89-5-%d9%8a%d9%88%d9%84%d9%8a%d9%88-2022.html,,,1865288618.JPEG
https://www.alsoouq.com//uploads/2022/06/1885706674.JPEG,3.0,عروض العثيم الأسبوعية تسري حتى 5-يوليو-2022 الموافق 6-ذو الحجة-1443 لاتفوتكم عروض اليوم الأخير,https://www.alsoouq.com/saudi-arabia-offers/offers-othaim/%d8%b9%d8%b1%d9%88%d8%b6-%d8%a7%d9%84%d8%b9%d8%ab%d9%8a%d9%85-%d8%a7%d9%84%d8%a3%d8%b3%d8%a8%d9%88%d8%b9%d9%8a%d8%a9-%d8%aa%d8%b3%d8%b1%d9%8a-%d8%ad%d8%aa%d9%89-5-%d9%8a%d9%88%d9%84%d9%8a%d9%88-2022.html,,,1885706674.JPEG
https://www.alsoouq.com//uploads/2022/06/7894625482.JPEG,3.0,عروض العثيم الأسبوعية تسري حتى 5-يوليو-2022 الموافق 6-ذو الحجة-1443 لاتفوتكم عروض اليوم الأخير,https://www.alsoouq.com/saudi-arabia-offers/offers-othaim/%d8%b9%d8%b1%d9%88%d8%b6-%d8%a7%d9%84%d8%b9%d8%ab%d9%8a%d9%85-%d8%a7%d9%84%d8%a3%d8%b3%d8%a8%d9%88%d8%b9%d9%8a%d8%a9-%d8%aa%d8%b3%d8%b1%d9%8a-%d8%ad%d8%aa%d9%89-5-%d9%8a%d9%88%d9%84%d9%8a%d9%88-2022.html,,,7894625482.JPEG
https://www.alsoouq.com//uploads/2022/06/4204801881.JPEG,3.0,عروض العثيم الأسبوعية تسري حتى 5-يوليو-2022 الموافق 6-ذو الحجة-1443 لاتفوتكم عروض اليوم الأخير,https://www.alsoouq.com/saudi-arabia-offers/offers-othaim/%d8%b9%d8%b1%d9%88%d8%b6-%d8%a7%d9%84%d8%b9%d8%ab%d9%8a%d9%85-%d8%a7%d9%84%d8%a3%d8%b3%d8%a8%d9%88%d8%b9%d9%8a%d8%a9-%d8%aa%d8%b3%d8%b1%d9%8a-%d8%ad%d8%aa%d9%89-5-%d9%8a%d9%88%d9%84%d9%8a%d9%88-2022.html,,,4204801881.JPEG
https://www.alsoouq.com//uploads/2022/06/6799125797.JPEG,4.0,عروض العثيم الأسبوعية تسري حتى 5-يوليو-2022 الموافق 6-ذو الحجة-1443 لاتفوتكم عروض اليوم الأخير,https://www.alsoouq.com/saudi-arabia-offers/offers-othaim/%d8%b9%d8%b1%d9%88%d8%b6-%d8%a7%d9%84%d8%b9%d8%ab%d9%8a%d9%85-%d8%a7%d9%84%d8%a3%d8%b3%d8%a8%d9%88%d8%b9%d9%8a%d8%a9-%d8%aa%d8%b3%d8%b1%d9%8a-%d8%ad%d8%aa%d9%89-5-%d9%8a%d9%88%d9%84%d9%8a%d9%88-2022.html,,,6799125797.JPEG
https://www.alsoouq.com//uploads/2022/06/7547621244.JPEG,4.0,عروض العثيم الأسبوعية تسري حتى 5-يوليو-2022 الموافق 6-ذو الحجة-1443 لاتفوتكم عروض اليوم الأخير,https://www.alsoouq.com/saudi-arabia-offers/offers-othaim/%d8%b9%d8%b1%d9%88%d8%b6-%d8%a7%d9%84%d8%b9%d8%ab%d9%8a%d9%85-%d8%a7%d9%84%d8%a3%d8%b3%d8%a8%d9%88%d8%b9%d9%8a%d8%a9-%d8%aa%d8%b3%d8%b1%d9%8a-%d8%ad%d8%aa%d9%89-5-%d9%8a%d9%88%d9%84%d9%8a%d9%88-2022.html,,,7547621244.JPEG
https://www.alsoouq.com//uploads/2022/06/7677088856.JPEG,4.0,عروض العثيم الأسبوعية تسري حتى 5-يوليو-2022 الموافق 6-ذو الحجة-1443 لاتفوتكم عروض اليوم الأخير,https://www.alsoouq.com/saudi-arabia-offers/offers-othaim/%d8%b9%d8%b1%d9%88%d8%b6-%d8%a7%d9%84%d8%b9%d8%ab%d9%8a%d9%85-%d8%a7%d9%84%d8%a3%d8%b3%d8%a8%d9%88%d8%b9%d9%8a%d8%a9-%d8%aa%d8%b3%d8%b1%d9%8a-%d8%ad%d8%aa%d9%89-5-%d9%8a%d9%88%d9%84%d9%8a%d9%88-2022.html,,,7677088856.JPEG
https://www.alsoouq.com//uploads/2022/06/9366285527.JPEG,4.0,عروض العثيم الأسبوعية تسري حتى 5-يوليو-2022 الموافق 6-ذو الحجة-1443 لاتفوتكم عروض اليوم الأخير,https://www.alsoouq.com/saudi-arabia-offers/offers-othaim/%d8%b9%d8%b1%d9%88%d8%b6-%d8%a7%d9%84%d8%b9%d8%ab%d9%8a%d9%85-%d8%a7%d9%84%d8%a3%d8%b3%d8%a8%d9%88%d8%b9%d9%8a%d8%a9-%d8%aa%d8%b3%d8%b1%d9%8a-%d8%ad%d8%aa%d9%89-5-%d9%8a%d9%88%d9%84%d9%8a%d9%88-2022.html,,,9366285527.JPEG
https://www.alsoouq.com//uploads/2022/06/352405624.JPEG,5.0,عروض العثيم الأسبوعية تسري حتى 5-يوليو-2022 الموافق 6-ذو الحجة-1443 لاتفوتكم عروض اليوم الأخير,https://www.alsoouq.com/saudi-arabia-offers/offers-othaim/%d8%b9%d8%b1%d9%88%d8%b6-%d8%a7%d9%84%d8%b9%d8%ab%d9%8a%d9%85-%d8%a7%d9%84%d8%a3%d8%b3%d8%a8%d9%88%d8%b9%d9%8a%d8%a9-%d8%aa%d8%b3%d8%b1%d9%8a-%d8%ad%d8%aa%d9%89-5-%d9%8a%d9%88%d9%84%d9%8a%d9%88-2022.html,,,352405624.JPEG
https://www.alsoouq.com//uploads/2022/06/1503214001.JPEG,5.0,عروض العثيم الأسبوعية تسري حتى 5-يوليو-2022 الموافق 6-ذو الحجة-1443 لاتفوتكم عروض اليوم الأخير,https://www.alsoouq.com/saudi-arabia-offers/offers-othaim/%d8%b9%d8%b1%d9%88%d8%b6-%d8%a7%d9%84%d8%b9%d8%ab%d9%8a%d9%85-%d8%a7%d9%84%d8%a3%d8%b3%d8%a8%d9%88%d8%b9%d9%8a%d8%a9-%d8%aa%d8%b3%d8%b1%d9%8a-%d8%ad%d8%aa%d9%89-5-%d9%8a%d9%88%d9%84%d9%8a%d9%88-2022.html,,,1503214001.JPEG
https://www.alsoouq.com//uploads/2022/06/2959955516.JPEG,5.0,عروض العثيم الأسبوعية تسري حتى 5-يوليو-2022 الموافق 6-ذو الحجة-1443 لاتفوتكم عروض اليوم الأخير,https://www.alsoouq.com/saudi-arabia-offers/offers-othaim/%d8%b9%d8%b1%d9%88%d8%b6-%d8%a7%d9%84%d8%b9%d8%ab%d9%8a%d9%85-%d8%a7%d9%84%d8%a3%d8%b3%d8%a8%d9%88%d8%b9%d9%8a%d8%a9-%d8%aa%d8%b3%d8%b1%d9%8a-%d8%ad%d8%aa%d9%89-5-%d9%8a%d9%88%d9%84%d9%8a%d9%88-2022.html,,,2959955516.JPEG
https://www.alsoouq.com//uploads/2022/06/4515050183.JPEG,5.0,عروض العثيم الأسبوعية تسري حتى 5-يوليو-2022 الموافق 6-ذو الحجة-1443 لاتفوتكم عروض اليوم الأخير,https://www.alsoouq.com/saudi-arabia-offers/offers-othaim/%d8%b9%d8%b1%d9%88%d8%b6-%d8%a7%d9%84%d8%b9%d8%ab%d9%8a%d9%85-%d8%a7%d9%84%d8%a3%d8%b3%d8%a8%d9%88%d8%b9%d9%8a%d8%a9-%d8%aa%d8%b3%d8%b1%d9%8a-%d8%ad%d8%aa%d9%89-5-%d9%8a%d9%88%d9%84%d9%8a%d9%88-2022.html,,,4515050183.JPEG
https://www.alsoouq.com//uploads/2022/06/5293331157.JPEG,5.0,عروض العثيم الأسبوعية تسري حتى 5-يوليو-2022 الموافق 6-ذو الحجة-1443 لاتفوتكم عروض اليوم الأخير,https://www.alsoouq.com/saudi-arabia-offers/offers-othaim/%d8%b9%d8%b1%d9%88%d8%b6-%d8%a7%d9%84%d8%b9%d8%ab%d9%8a%d9%85-%d8%a7%d9%84%d8%a3%d8%b3%d8%a8%d9%88%d8%b9%d9%8a%d8%a9-%d8%aa%d8%b3%d8%b1%d9%8a-%d8%ad%d8%aa%d9%89-5-%d9%8a%d9%88%d9%84%d9%8a%d9%88-2022.html,,,5293331157.JPEG
https://www.alsoouq.com//uploads/2022/06/8095022929.JPEG,5.0,عروض العثيم الأسبوعية تسري حتى 5-يوليو-2022 الموافق 6-ذو الحجة-1443 لاتفوتكم عروض اليوم الأخير,https://www.alsoouq.com/saudi-arabia-offers/offers-othaim/%d8%b9%d8%b1%d9%88%d8%b6-%d8%a7%d9%84%d8%b9%d8%ab%d9%8a%d9%85-%d8%a7%d9%84%d8%a3%d8%b3%d8%a8%d9%88%d8%b9%d9%8a%d8%a9-%d8%aa%d8%b3%d8%b1%d9%8a-%d8%ad%d8%aa%d9%89-5-%d9%8a%d9%88%d9%84%d9%8a%d9%88-2022.html,,,8095022929.JPEG
https://www.alsoouq.com//uploads/2022/06/9059847801.JPEG,5.0,عروض العثيم الأسبوعية تسري حتى 5-يوليو-2022 الموافق 6-ذو الحجة-1443 لاتفوتكم عروض اليوم الأخير,https://www.alsoouq.com/saudi-arabia-offers/offers-othaim/%d8%b9%d8%b1%d9%88%d8%b6-%d8%a7%d9%84%d8%b9%d8%ab%d9%8a%d9%85-%d8%a7%d9%84%d8%a3%d8%b3%d8%a8%d9%88%d8%b9%d9%8a%d8%a9-%d8%aa%d8%b3%d8%b1%d9%8a-%d8%ad%d8%aa%d9%89-5-%d9%8a%d9%88%d9%84%d9%8a%d9%88-2022.html,,,9059847801.JPEG
https://www.alsoouq.com//uploads/2022/06/5746096656.JPEG,5.0,عروض العثيم الأسبوعية تسري حتى 5-يوليو-2022 الموافق 6-ذو الحجة-1443 لاتفوتكم عروض اليوم الأخير,https://www.alsoouq.com/saudi-arabia-offers/offers-othaim/%d8%b9%d8%b1%d9%88%d8%b6-%d8%a7%d9%84%d8%b9%d8%ab%d9%8a%d9%85-%d8%a7%d9%84%d8%a3%d8%b3%d8%a8%d9%88%d8%b9%d9%8a%d8%a9-%d8%aa%d8%b3%d8%b1%d9%8a-%d8%ad%d8%aa%d9%89-5-%d9%8a%d9%88%d9%84%d9%8a%d9%88-2022.html,,,5746096656.JPEG
https://www.alsoouq.com//uploads/2022/06/3560166589.JPEG,6.0,عروض العثيم الأسبوعية تسري حتى 5-يوليو-2022 الموافق 6-ذو الحجة-1443 لاتفوتكم عروض اليوم الأخير,https://www.alsoouq.com/saudi-arabia-offers/offers-othaim/%d8%b9%d8%b1%d9%88%d8%b6-%d8%a7%d9%84%d8%b9%d8%ab%d9%8a%d9%85-%d8%a7%d9%84%d8%a3%d8%b3%d8%a8%d9%88%d8%b9%d9%8a%d8%a9-%d8%aa%d8%b3%d8%b1%d9%8a-%d8%ad%d8%aa%d9%89-5-%d9%8a%d9%88%d9%84%d9%8a%d9%88-2022.html,,,3560166589.JPEG
https://www.alsoouq.com//uploads/2022/06/4539614912.JPEG,6.0,عروض العثيم الأسبوعية تسري حتى 5-يوليو-2022 الموافق 6-ذو الحجة-1443 لاتفوتكم عروض اليوم الأخير,https://www.alsoouq.com/saudi-arabia-offers/offers-othaim/%d8%b9%d8%b1%d9%88%d8%b6-%d8%a7%d9%84%d8%b9%d8%ab%d9%8a%d9%85-%d8%a7%d9%84%d8%a3%d8%b3%d8%a8%d9%88%d8%b9%d9%8a%d8%a9-%d8%aa%d8%b3%d8%b1%d9%8a-%d8%ad%d8%aa%d9%89-5-%d9%8a%d9%88%d9%84%d9%8a%d9%88-2022.html,,,4539614912.JPEG
https://www.alsoouq.com//uploads/2022/06/6985294392.JPEG,6.0,عروض العثيم الأسبوعية تسري حتى 5-يوليو-2022 الموافق 6-ذو الحجة-1443 لاتفوتكم عروض اليوم الأخير,https://www.alsoouq.com/saudi-arabia-offers/offers-othaim/%d8%b9%d8%b1%d9%88%d8%b6-%d8%a7%d9%84%d8%b9%d8%ab%d9%8a%d9%85-%d8%a7%d9%84%d8%a3%d8%b3%d8%a8%d9%88%d8%b9%d9%8a%d8%a9-%d8%aa%d8%b3%d8%b1%d9%8a-%d8%ad%d8%aa%d9%89-5-%d9%8a%d9%88%d9%84%d9%8a%d9%88-2022.html,,,6985294392.JPEG
https://www.alsoouq.com//uploads/2022/06/7560958417.JPEG,6.0,عروض العثيم الأسبوعية تسري حتى 5-يوليو-2022 الموافق 6-ذو الحجة-1443 لاتفوتكم عروض اليوم الأخير,https://www.alsoouq.com/saudi-arabia-offers/offers-othaim/%d8%b9%d8%b1%d9%88%d8%b6-%d8%a7%d9%84%d8%b9%d8%ab%d9%8a%d9%85-%d8%a7%d9%84%d8%a3%d8%b3%d8%a8%d9%88%d8%b9%d9%8a%d8%a9-%d8%aa%d8%b3%d8%b1%d9%8a-%d8%ad%d8%aa%d9%89-5-%d9%8a%d9%88%d9%84%d9%8a%d9%88-2022.html,,,7560958417.JPEG
https://www.alsoouq.com//uploads/2022/07/1874132316.JPEG,1.0,عروض العثيم الاثنين 4-7-2022 الموافق 5-12-1443 مهرجان الطازج & كيلو عليك وكيلو علينا,https://www.alsoouq.com/saudi-arabia-offers/offers-othaim/%d8%b9%d8%b1%d9%88%d8%b6-%d8%a7%d9%84%d8%b9%d8%ab%d9%8a%d9%85-%d8%a7%d9%84%d8%a7%d8%ab%d9%86%d9%8a%d9%86-4-7-2022-%d8%a7%d9%84%d9%85%d9%88%d8%a7%d9%81%d9%82-5-12-1443-%d9%85%d9%87%d8%b1%d8%ac%d8%a7.html,,,1874132316.JPEG
https://www.alsoouq.com//uploads/2022/07/3399759252.JPEG,1.0,عروض العثيم الاثنين 4-7-2022 الموافق 5-12-1443 مهرجان الطازج & كيلو عليك وكيلو علينا,https://www.alsoouq.com/saudi-arabia-offers/offers-othaim/%d8%b9%d8%b1%d9%88%d8%b6-%d8%a7%d9%84%d8%b9%d8%ab%d9%8a%d9%85-%d8%a7%d9%84%d8%a7%d8%ab%d9%86%d9%8a%d9%86-4-7-2022-%d8%a7%d9%84%d9%85%d9%88%d8%a7%d9%81%d9%82-5-12-1443-%d9%85%d9%87%d8%b1%d8%ac%d8%a7.html,,,3399759252.JPEG
https://www.alsoouq.com//uploads/2022/07/9140714593.JPEG,1.0,عروض العثيم الاثنين 4-7-2022 الموافق 5-12-1443 مهرجان الطازج & كيلو عليك وكيلو علينا,https://www.alsoouq.com/saudi-arabia-offers/offers-othaim/%d8%b9%d8%b1%d9%88%d8%b6-%d8%a7%d9%84%d8%b9%d8%ab%d9%8a%d9%85-%d8%a7%d9%84%d8%a7%d8%ab%d9%86%d9%8a%d9%86-4-7-2022-%d8%a7%d9%84%d9%85%d9%88%d8%a7%d9%81%d9%82-5-12-1443-%d9%85%d9%87%d8%b1%d8%ac%d8%a7.html,,,9140714593.JPEG
https://www.alsoouq.com//uploads/2022/07/4974688135.JPEG,1.0,عروض العثيم الاثنين 4-7-2022 الموافق 5-12-1443 مهرجان الطازج & كيلو عليك وكيلو علينا,https://www.alsoouq.com/saudi-arabia-offers/offers-othaim/%d8%b9%d8%b1%d9%88%d8%b6-%d8%a7%d9%84%d8%b9%d8%ab%d9%8a%d9%85-%d8%a7%d9%84%d8%a7%d8%ab%d9%86%d9%8a%d9%86-4-7-2022-%d8%a7%d9%84%d9%85%d9%88%d8%a7%d9%81%d9%82-5-12-1443-%d9%85%d9%87%d8%b1%d8%ac%d8%a7.html,,,4974688135.JPEG
https://www.alsoouq.com//uploads/2022/07/8546272317.JPEG,2.0,عروض العثيم الاثنين 4-7-2022 الموافق 5-12-1443 مهرجان الطازج & كيلو عليك وكيلو علينا,https://www.alsoouq.com/saudi-arabia-offers/offers-othaim/%d8%b9%d8%b1%d9%88%d8%b6-%d8%a7%d9%84%d8%b9%d8%ab%d9%8a%d9%85-%d8%a7%d9%84%d8%a7%d8%ab%d9%86%d9%8a%d9%86-4-7-2022-%d8%a7%d9%84%d9%85%d9%88%d8%a7%d9%81%d9%82-5-12-1443-%d9%85%d9%87%d8%b1%d8%ac%d8%a7.html,,,8546272317.JPEG
https://www.alsoouq.com//uploads/2022/07/7523634266.JPEG,2.0,عروض العثيم الاثنين 4-7-2022 الموافق 5-12-1443 مهرجان الطازج & كيلو عليك وكيلو علينا,https://www.alsoouq.com/saudi-arabia-offers/offers-othaim/%d8%b9%d8%b1%d9%88%d8%b6-%d8%a7%d9%84%d8%b9%d8%ab%d9%8a%d9%85-%d8%a7%d9%84%d8%a7%d8%ab%d9%86%d9%8a%d9%86-4-7-2022-%d8%a7%d9%84%d9%85%d9%88%d8%a7%d9%81%d9%82-5-12-1443-%d9%85%d9%87%d8%b1%d8%ac%d8%a7.html,,,7523634266.JPEG
https://www.alsoouq.com//uploads/2022/07/4102250182.JPEG,2.0,عروض العثيم الاثنين 4-7-2022 الموافق 5-12-1443 مهرجان الطازج & كيلو عليك وكيلو علينا,https://www.alsoouq.com/saudi-arabia-offers/offers-othaim/%d8%b9%d8%b1%d9%88%d8%b6-%d8%a7%d9%84%d8%b9%d8%ab%d9%8a%d9%85-%d8%a7%d9%84%d8%a7%d8%ab%d9%86%d9%8a%d9%86-4-7-2022-%d8%a7%d9%84%d9%85%d9%88%d8%a7%d9%81%d9%82-5-12-1443-%d9%85%d9%87%d8%b1%d8%ac%d8%a7.html,,,4102250182.JPEG
https://www.alsoouq.com//uploads/2022/06/6992820584.jpg,1.0,عروض العثيم الأسبوعية 29 يونيو 2022 الموافق 30 ذو القعدة 1443 عروض الصحة و الجمال,https://www.alsoouq.com/saudi-arabia-offers/offers-othaim/%d8%b9%d8%b1%d9%88%d8%b6-%d8%a7%d9%84%d8%b9%d8%ab%d9%8a%d9%85-%d8%a7%d9%84%d8%a3%d8%b3%d8%a8%d9%88%d8%b9%d9%8a%d8%a9-29-%d9%8a%d9%88%d9%86%d9%8a%d9%88-2022-%d8%a7%d9%84%d9%85%d9%88%d8%a7%d9%81%d9%82-3.html,,,6992820584.jpg
https://www.alsoouq.com//uploads/2022/06/8188799301.jpg,1.0,عروض العثيم الأسبوعية 29 يونيو 2022 الموافق 30 ذو القعدة 1443 عروض الصحة و الجمال,https://www.alsoouq.com/saudi-arabia-offers/offers-othaim/%d8%b9%d8%b1%d9%88%d8%b6-%d8%a7%d9%84%d8%b9%d8%ab%d9%8a%d9%85-%d8%a7%d9%84%d8%a3%d8%b3%d8%a8%d9%88%d8%b9%d9%8a%d8%a9-29-%d9%8a%d9%88%d9%86%d9%8a%d9%88-2022-%d8%a7%d9%84%d9%85%d9%88%d8%a7%d9%81%d9%82-3.html,,,8188799301.jpg
https://www.alsoouq.com//uploads/2022/06/4811562681.jpg,1.0,عروض العثيم الأسبوعية 29 يونيو 2022 الموافق 30 ذو القعدة 1443 عروض الصحة و الجمال,https://www.alsoouq.com/saudi-arabia-offers/offers-othaim/%d8%b9%d8%b1%d9%88%d8%b6-%d8%a7%d9%84%d8%b9%d8%ab%d9%8a%d9%85-%d8%a7%d9%84%d8%a3%d8%b3%d8%a8%d9%88%d8%b9%d9%8a%d8%a9-29-%d9%8a%d9%88%d9%86%d9%8a%d9%88-2022-%d8%a7%d9%84%d9%85%d9%88%d8%a7%d9%81%d9%82-3.html,,,4811562681.jpg
https://www.alsoouq.com//uploads/2022/06/8633091890.jpg,1.0,عروض العثيم الأسبوعية 29 يونيو 2022 الموافق 30 ذو القعدة 1443 عروض الصحة و الجمال,https://www.alsoouq.com/saudi-arabia-offers/offers-othaim/%d8%b9%d8%b1%d9%88%d8%b6-%d8%a7%d9%84%d8%b9%d8%ab%d9%8a%d9%85-%d8%a7%d9%84%d8%a3%d8%b3%d8%a8%d9%88%d8%b9%d9%8a%d8%a9-29-%d9%8a%d9%88%d9%86%d9%8a%d9%88-2022-%d8%a7%d9%84%d9%85%d9%88%d8%a7%d9%81%d9%82-3.html,,,8633091890.jpg
https://www.alsoouq.com//uploads/2022/06/3423084893.jpg,2.0,عروض العثيم الأسبوعية 29 يونيو 2022 الموافق 30 ذو القعدة 1443 عروض الصحة و الجمال,https://www.alsoouq.com/saudi-arabia-offers/offers-othaim/%d8%b9%d8%b1%d9%88%d8%b6-%d8%a7%d9%84%d8%b9%d8%ab%d9%8a%d9%85-%d8%a7%d9%84%d8%a3%d8%b3%d8%a8%d9%88%d8%b9%d9%8a%d8%a9-29-%d9%8a%d9%88%d9%86%d9%8a%d9%88-2022-%d8%a7%d9%84%d9%85%d9%88%d8%a7%d9%81%d9%82-3.html,,,3423084893.jpg
https://www.alsoouq.com//uploads/2022/06/4025547947.jpg,2.0,عروض العثيم الأسبوعية 29 يونيو 2022 الموافق 30 ذو القعدة 1443 عروض الصحة و الجمال,https://www.alsoouq.com/saudi-arabia-offers/offers-othaim/%d8%b9%d8%b1%d9%88%d8%b6-%d8%a7%d9%84%d8%b9%d8%ab%d9%8a%d9%85-%d8%a7%d9%84%d8%a3%d8%b3%d8%a8%d9%88%d8%b9%d9%8a%d8%a9-29-%d9%8a%d9%88%d9%86%d9%8a%d9%88-2022-%d8%a7%d9%84%d9%85%d9%88%d8%a7%d9%81%d9%82-3.html,,,4025547947.jpg
https://www.alsoouq.com//uploads/2022/06/4319533161.jpg,2.0,عروض العثيم الأسبوعية 29 يونيو 2022 الموافق 30 ذو القعدة 1443 عروض الصحة و الجمال,https://www.alsoouq.com/saudi-arabia-offers/offers-othaim/%d8%b9%d8%b1%d9%88%d8%b6-%d8%a7%d9%84%d8%b9%d8%ab%d9%8a%d9%85-%d8%a7%d9%84%d8%a3%d8%b3%d8%a8%d9%88%d8%b9%d9%8a%d8%a9-29-%d9%8a%d9%88%d9%86%d9%8a%d9%88-2022-%d8%a7%d9%84%d9%85%d9%88%d8%a7%d9%81%d9%82-3.html,,,4319533161.jpg
https://www.alsoouq.com//uploads/2022/06/9367035949.jpg,2.0,عروض العثيم الأسبوعية 29 يونيو 2022 الموافق 30 ذو القعدة 1443 عروض الصحة و الجمال,https://www.alsoouq.com/saudi-arabia-offers/offers-othaim/%d8%b9%d8%b1%d9%88%d8%b6-%d8%a7%d9%84%d8%b9%d8%ab%d9%8a%d9%85-%d8%a7%d9%84%d8%a3%d8%b3%d8%a8%d9%88%d8%b9%d9%8a%d8%a9-29-%d9%8a%d9%88%d9%86%d9%8a%d9%88-2022-%d8%a7%d9%84%d9%85%d9%88%d8%a7%d9%81%d9%82-3.html,,,9367035949.jpg
https://www.alsoouq.com//uploads/2022/06/8789894984.jpg,3.0,عروض العثيم الأسبوعية 29 يونيو 2022 الموافق 30 ذو القعدة 1443 عروض الصحة و الجمال,https://www.alsoouq.com/saudi-arabia-offers/offers-othaim/%d8%b9%d8%b1%d9%88%d8%b6-%d8%a7%d9%84%d8%b9%d8%ab%d9%8a%d9%85-%d8%a7%d9%84%d8%a3%d8%b3%d8%a8%d9%88%d8%b9%d9%8a%d8%a9-29-%d9%8a%d9%88%d9%86%d9%8a%d9%88-2022-%d8%a7%d9%84%d9%85%d9%88%d8%a7%d9%81%d9%82-3.html,,,8789894984.jpg
https://www.alsoouq.com//uploads/2022/06/9955120961.jpg,3.0,عروض العثيم الأسبوعية 29 يونيو 2022 الموافق 30 ذو القعدة 1443 عروض الصحة و الجمال,https://www.alsoouq.com/saudi-arabia-offers/offers-othaim/%d8%b9%d8%b1%d9%88%d8%b6-%d8%a7%d9%84%d8%b9%d8%ab%d9%8a%d9%85-%d8%a7%d9%84%d8%a3%d8%b3%d8%a8%d9%88%d8%b9%d9%8a%d8%a9-29-%d9%8a%d9%88%d9%86%d9%8a%d9%88-2022-%d8%a7%d9%84%d9%85%d9%88%d8%a7%d9%81%d9%82-3.html,,,9955120961.jpg
https://www.alsoouq.com//uploads/2022/06/1114878133.jpg,3.0,عروض العثيم الأسبوعية 29 يونيو 2022 الموافق 30 ذو القعدة 1443 عروض الصحة و الجمال,https://www.alsoouq.com/saudi-arabia-offers/offers-othaim/%d8%b9%d8%b1%d9%88%d8%b6-%d8%a7%d9%84%d8%b9%d8%ab%d9%8a%d9%85-%d8%a7%d9%84%d8%a3%d8%b3%d8%a8%d9%88%d8%b9%d9%8a%d8%a9-29-%d9%8a%d9%88%d9%86%d9%8a%d9%88-2022-%d8%a7%d9%84%d9%85%d9%88%d8%a7%d9%81%d9%82-3.html,,,1114878133.jpg
https://www.alsoouq.com//uploads/2022/06/1186224984.jpg,3.0,عروض العثيم الأسبوعية 29 يونيو 2022 الموافق 30 ذو القعدة 1443 عروض الصحة و الجمال,https://www.alsoouq.com/saudi-arabia-offers/offers-othaim/%d8%b9%d8%b1%d9%88%d8%b6-%d8%a7%d9%84%d8%b9%d8%ab%d9%8a%d9%85-%d8%a7%d9%84%d8%a3%d8%b3%d8%a8%d9%88%d8%b9%d9%8a%d8%a9-29-%d9%8a%d9%88%d9%86%d9%8a%d9%88-2022-%d8%a7%d9%84%d9%85%d9%88%d8%a7%d9%81%d9%82-3.html,,,1186224984.jpg
